brand,name,weight,price,date
L'OVEN FRESH,"Cinnamon Raisin Bagels, 6 count",20 oz,2.19,2026-03-25
BAKE SHOP,"Raspberry Strip Danish, 14 oz",14 oz,3.55,2026-03-25
L'OVEN FRESH,"Pre Sliced Hot Dog Buns, 8 count",12 oz,1.65,2026-03-25
PUEBLO LINDO,"Casera Amarillas Tostadas, 12.8 oz",12.8 oz,2.55,2026-03-25
PUEBLO LINDO,"Flour Tortillas, 17.5 oz",17.5 oz,2.15,2026-03-25
PUEBLO LINDO,"Fajita Flour Tortillas, 20 count",23 oz,2.05,2026-03-25
BAKE SHOP,"Chocolate Chunk Cookies, 14 oz",14 oz,4.39,2026-03-25
SIMPLY NATURE,"Low Sodium Sprouted 7 Grain Bread, 16 oz",16 oz,3.95,2026-03-25
L'OVEN FRESH,"Blueberry Bagels, 20 oz",20 oz,2.19,2026-03-25
SPECIALLY SELECTED,"Italian Bread Loaf, 16 oz",16 oz.,3.49,2026-03-25
L'OVEN FRESH,"Artisanal Bread, 20 oz",20 oz,3.55,2026-03-25
SPECIALLY SELECTED,"Brioche Hot Dog Buns, 9.52 oz",9.52 oz,3.75,2026-03-25
SPECIALLY SELECTED,"Original Naan Bread, 17.6 oz",17.6 oz,5.49,2026-03-25
BAKE SHOP,"Banana Nut Muffins, 4 count",14.1 oz,4.29,2026-03-25
BAKE SHOP,"Cheese Strip Danish, 14 oz",14 oz,3.55,2026-03-25
SPECIALLY SELECTED,"Mini Naan Bread, 12.7 oz",12.7 oz,5.25,2026-03-25
SPECIALLY SELECTED,"Plain Sliced Brioche Loaf, 17.6 oz",17.6 oz,5.45,2026-03-25
BAKE SHOP,"Chocolate Chip Mini Muffins, 12 oz",12 oz,3.65,2026-03-25
BAKER'S TREAT,"Blueberry Mini Muffins, 20 count",8.25 oz,3.05,2026-03-25
L'OVEN FRESH,"Pre Sliced Hamburger Buns, 8 count",12 oz,1.65,2026-03-25
L'OVEN FRESH,"Plain Mini Bagels, 18 oz",18 oz,3.85,2026-03-25
BAKE SHOP,"Oatmeal Cranberry Cookies, 14 oz",14 oz,4.39,2026-03-25
L'OVEN FRESH,"Split Top Wheat Bread, 20 oz",20 oz,1.65,2026-03-25
L'OVEN FRESH,"Pre-sliced Plain Bagels, 6 count",20 oz,2.19,2026-03-25
L'OVEN FRESH,"Plain English Muffins, 6 count",12 oz,1.75,2026-03-25
SPECIALLY SELECTED,"Vanilla Cream Brioche, 14.11 oz",14.11 oz,5.45,2026-03-25
L'OVEN FRESH,"Pre-Sliced Everything Bagels, 6 count",20 oz,2.19,2026-03-25
L'OVEN FRESH,"Parmesan Romano Garlic Bread, 10 oz",10 oz,3.85,2026-03-25
L'OVEN FRESH,"12 Grain Wide Pan Bread, 24 oz",24 oz,2.99,2026-03-25
L'OVEN FRESH,"Honey Wheat Bread, 20 oz",20 oz,2.05,2026-03-25
L'OVEN FRESH,"Italian Bread, 20 oz",20 oz,2.49,2026-03-25
L'OVEN FRESH,"100% Whole Wheat Bread, 20 oz",20 oz,2.15,2026-03-25
L'OVEN FRESH,"Hawaiian Sweet Rolls, 12 count",12 oz,2.15,2026-03-25
BAKE SHOP,"Lemon Sliced Loaf Cake, 8 Count",14 oz,4.29,2026-03-25
BAKE SHOP,"Banana Nut Sliced Loaf Cake, 8 Count",14 oz,4.29,2026-03-25
L'OVEN FRESH,"White Bread, 20 oz",20 oz,1.65,2026-03-25
L'OVEN FRESH,"Whole Grain White Bread, 20 oz",20 oz,2.45,2026-03-25
BAKER'S TREAT,"Apple Lunchbox Pie, 4 oz",4 oz,0.85,2026-03-25
BAKER'S TREAT,"Cherry Lunchbox Pie, 4 oz",4 oz,0.85,2026-03-25
BAKE SHOP,"Mini Croissants, 10 oz",10 oz,3.09,2026-03-25
SPECIALLY SELECTED,"Chocolate Chip Brioche, 14.11 oz",14.11 oz,5.45,2026-03-25
L'OVEN FRESH,"100% Whole Wheat Wide Pan Bread, 24 oz",24 oz,2.99,2026-03-25
L'OVEN FRESH,"Garlic Herb Bread, 10 oz",10 oz,3.85,2026-03-25
L'OVEN FRESH,"Cinnamon Raisin Bread, 16 oz",16 oz,2.55,2026-03-25
BAKE SHOP,"Blueberry Muffins, 4 count",14.1 oz,4.29,2026-03-25
BAKE SHOP,"Chocolate Chip Muffins, 4 count",14.1 oz,4.29,2026-03-25
BAKE SHOP,"Blueberry Mini Muffins, 12 oz",12 oz,3.65,2026-03-25
BAKE SHOP,"Triple Chocolate Creme Cake, 20 oz",20 oz,4.95,2026-03-25
L'OVEN FRESH,"Cinnamon Raisin Mini Bagels, 18 oz",18 oz,3.85,2026-03-25
L'OVEN FRESH,"Cinnamon Swirl Bread, 16 oz",16 oz,2.55,2026-03-25
SIMPLY NATURE,"Sprouted 7 Grain Bread, 16 oz",16 oz,3.95,2026-03-25
SPECIALLY SELECTED,"Sliced Sourdough Round, 24 oz",24 oz,3.85,2026-03-25
SPECIALLY SELECTED,"Artisan Flatbread, 14.1 oz",14.1 oz,3.95,2026-03-25
L'OVEN FRESH,"Spinach Herb Wraps, 15 oz",15 oz,3.55,2026-03-25
SPECIALLY SELECTED,"Brioche Rolls, 16.9 oz",16.9 oz,3.99,2026-03-25
L'OVEN FRESH,"Sun-Dried Tomato Wraps, 15 oz",15 oz,3.55,2026-03-25
L'OVEN FRESH,"Center Split Deli Rolls - 6 count, 15 oz",15 oz,2.75,2026-03-25
SPECIALLY SELECTED,"Chocolate Chip Sliced Brioche Loaf, 1.1 lb",17.6 oz,5.45,2026-03-25
L'OVEN FRESH,"Oat Bran Bread, 20 oz",20 oz,2.19,2026-03-25
BAKER'S TREAT,"Chocolate Chip Mini Muffins, 20 count",8.25 oz,3.05,2026-03-25
BAKE SHOP,"Large Croissants, 10.5 oz",10.5 oz,3.09,2026-03-25
PUEBLO LINDO,"Large Burrito Flour Tortillas, 8 count",8 ct,2.35,2026-03-25
BAKE SHOP,"Kitchen Sink Cookies, 14 oz",14 oz,4.39,2026-03-25
CASA MAMITA,"Crunchy Hard Taco Shells, 12 count",4.6 oz,1.65,2026-03-25
SPECIALLY SELECTED,"Garlic Naan Bread, 17.6 oz",17.6 oz,5.49,2026-03-25
SPECIALLY SELECTED,"Sourdough Square Loaf, 24 oz",24 oz,3.85,2026-03-25
SPECIALLY SELECTED,"Ciabatta Sandwich Rolls, 18 oz",18 oz,4.09,2026-03-25
PUEBLO LINDO,"6"" White Corn Tortillas, 30 count",25 oz,2.15,2026-03-25
BAKER'S TREAT,"Mini Brownie Bites, 8.25 oz",9.7 OZ,3.05,2026-03-25
BAKER'S TREAT,"Confetti Cake Mini Muffins, 5 Packs",8.25 oz,3.05,2026-03-25
L'OVEN FRESH,"35 Calorie Whole Wheat Bread, 16 oz",16 oz,2.85,2026-03-25
BAKE SHOP,"Strawberry Cheese Danish, 14 oz",14 oz,3.55,2026-03-25
PUEBLO LINDO,"6"" Yellow Corn Tortillas, 30 count",25 oz,2.15,2026-03-25
L'OVEN FRESH,"Heat & Serve Garlic Knots, 8 count",10.4 oz,3.29,2026-03-25
SIMPLY NATURE,"Seedtastic Organic Bread, 27 oz",27 oz,4.39,2026-03-25
SPECIALLY SELECTED,"Brioche Buns, 6 count",10.58 oz,4.39,2026-03-25
LIVEGFREE,"Gluten Free Wide Pan Whole Grain Bread, 20 oz",20 oz,7.69,2026-03-25
SPECIALLY SELECTED,"Mini Vanilla Brioche Swirl, 10.6 oz",10.58 oz,4.39,2026-03-25
TURANO,"Pane Italian Bread, 24 oz",24 oz,5.19,2026-03-25
MAMA COZZI'S PIZZA KITCHEN,"Original Mini Pizza Crusts with Sauce, 15 oz",15 oz,3.09,2026-03-25
EL MILAGRO,"8"" Fajita Flour Tortillas, 10 count",10 ct,2.19,2026-03-25
SIMPLY NATURE,"Organic Graintastic Thin-sliced Bread, 20.4 oz",20.4 oz,3.85,2026-03-25
TURANO,"French Rolls, 16 oz",16 oz,5.49,2026-03-25
LEWIS BAKE SHOP,"Hawaiian Half Loaf Bread, 12 oz",12 oz,2.15,2026-03-25
L'OVEN FRESH,"Plain Bagel Skinnys, 8 Bagels",13 oz,3.29,2026-03-25
EL MILAGRO,"Gluten Free Corn Tostadas, 24 count",14 oz,4.59,2026-03-25
L'OVEN FRESH,"Pains au Chocolat, 12.69 oz",12.69 oz,5.85,2026-03-25
SPECIALLY SELECTED,"Mini Chocolate Chip Brioche Swirl, 10.6 oz",10.58 oz,4.39,2026-03-25
EGGLIFE,"Original Egg Wrap, 6 oz",6 oz,5.49,2026-03-25
EL MILAGRO,"Corn Tortillas, 12 count",12 ct,0.75,2026-03-25
SIMPLY NATURE,"Graintastic Organic Bread, 27 oz",27 oz,4.39,2026-03-25
LIVEGFREE,"Gluten Free Wide Pan White Bread, 20 oz",20 oz,7.69,2026-03-25
L'OVEN FRESH,"Pre-Sliced Bagel Skinnys, 8 count",13 oz,3.29,2026-03-25
L'OVEN FRESH,"Artisanal Hamburger Buns, 8 count",18 oz,3.29,2026-03-25
SIMPLY NATURE,"Organic Seedtastic Thin-Sliced Bread, 20.4 oz",20.4 oz,3.85,2026-03-25
EL MILAGRO,"Flour Tortillas, 12 count",12 ct,1.55,2026-03-25
BAKE SHOP,"Cinnamon Sweet Rolls, 8 count",22 oz,4.09,2026-03-25
SPECIALLY SELECTED,"Sesame Seed Brioche Buns, 6 count",10.58 oz,4.39,2026-03-25
BAKE SHOP,"Frosted Sugar Cookie, 13.5 oz",13.5 oz,4.35,2026-03-25
SPECIALLY SELECTED,"Brioche Bagel, 17.5 oz",17.5 oz,4.39,2026-03-25
REESE'S,"Peanut Butter Candy Cookies, 10 count",14 oz,4.49,2026-03-25
REESE'S,"Chocolate Peanut Butter Candy Cookies, 10 count",14 oz,4.49,2026-03-25
SPECIALLY SELECTED,"Take & Bake French Baguette, 9.5 oz",9.5 oz,2.05,2026-03-25
SPECIALLY SELECTED,"Everything Sourdough Loaf, 24 oz",24 oz,3.85,2026-03-25
SPECIALLY SELECTED,"Garlic Mini Naan, 12.7 oz",12.7 oz,5.25,2026-03-25
CASA MAMITA,"Soft Taco Dinner Kit, 14 oz",14 oz,3.05,2026-03-25
CASA MAMITA,"Crunchy Taco Dinner Kit, 8.6 oz",8.6 oz,3.05,2026-03-25
LITTLE DEBBIE,"Zebra Snack Cakes, 10 count",13 oz,3.29,2026-03-25
L'OVEN FRESH,"Hawaiian Bagels, 20 oz",20 oz.,2.19,2026-03-25
PILLSBURY,"Ready to Bake Bunny Shaped Cookie Dough, 20 count",9.1 oz,3.86,2026-03-25
BAKER'S TREAT,"Mini Confetti Cake Muffins, 8.25 oz",8.3 oz,3.05,2026-03-25
BAKE SHOP,"Plain, Powered & Cinnamon Donut Holes, 28 count",14 oz,3.29,2026-03-25
SPECIALLY SELECTED,"Creme Brulee, 3.6 oz",3.5 oz,1.99,2026-03-25
SPECIALLY SELECTED,"Sliced Italian Loaf, 24 oz",24 oz,4.39,2026-03-25
SPECIALLY SELECTED,"All Butter Croissants, 6 count",12 oz,3.85,2026-03-25
L'OVEN FRESH,"Original Low Carb Tortillas, 8 count",12 oz,3.75,2026-03-25
EGGLIFE,"Garden Salsa Egg Wrap, 6 oz",6 oz,5.49,2026-03-25
L'OVEN FRESH,"Marbled Cinnamon Breakfast Bread, 20 oz",20 oz,4.75,2026-03-25
BAKE SHOP,"Chocolate Frosted Mini Donut, 14 oz",14 oz,3.59,2026-03-25
BAKE SHOP,"Powdered Sugar Mini Donut, 14 oz",14 oz,3.59,2026-03-25
MAMA COZZI'S PIZZA KITCHEN,"Thin Mini Pizza Crusts with Sauce, 12 oz",12 oz,3.09,2026-03-25
L'OVEN FRESH,"French Toast Bagels, 20 oz",20 oz.,2.19,2026-03-25
BAKE SHOP,"7 Up Lemon Lime Cake, 20 oz",20 oz,4.95,2026-03-25
BAKE SHOP,"Cheesecake Sampler, 16 oz",16 oz,4.99,2026-03-25
SPECIALLY SELECTED,"Cream Cheese Filled Croissants, 4 Count",9.59 oz,3.99,2026-03-25
SPECIALLY SELECTED,"Raspberry Filled Croissant, 4 count",9.59 oz,3.99,2026-03-25
BAKE SHOP,"Chocolate Mini Cupcakes, 10 oz",10 oz,3.65,2026-03-25
BAKE SHOP,"Vanilla Mini Cupcakes, 16 oz",10 oz,3.65,2026-03-25
BAKE SHOP,"Chocolate & Vanilla Mini Cup Cakes, 12 count",10 oz,3.89,2026-03-25
BAKE SHOP,"Everyday Donuts- Chocolate Dipped, 12 oz",12 oz,5.49,2026-03-25
BAKE SHOP,"Everyday Donuts- Birthday Cake, 12 oz",12 oz,5.49,2026-03-25
EGGLIFE,"Roasted Garlic & Herb Egg White Wraps, 6 count",6 oz,5.49,2026-03-25
L'OVEN FRESH,"Protein Keto Bread, 18 oz",18 oz,4.39,2026-03-25
BAKE SHOP,"Mini Iced Chocolate & Vanialla Donuts, 12 count",8 oz,4.35,2026-03-25
SIMPLY NATURE,"Organic Rustic Italian Boule, 24 oz",24 oz,4.39,2026-03-25
SPECIALLY SELECTED,"Bistro Original Bread, 21 oz",21 oz,4.39,2026-03-25
L'OVEN FRESH,"Original Zero Net Carb Wraps, 6 count",7.8 oz,2.75,2026-03-25
BAKE HOUSE CREATIONS,"Chocolate Cake Pops, 5.4 oz",5.4 oz,5.49,2026-03-25
BAKE HOUSE CREATIONS,"Birthday Cake, Cake Pop, 5.4 oz",5.4 oz,5.49,2026-03-25
BAKE HOUSE CREATIONS,"Cookies N Cream, 5.4 oz",5.4 oz,5.49,2026-03-25
BAKE SHOP,"Chocolate Chip & Double Chocolate Duo Cookies, 10 count",12.5 oz,4.35,2026-03-25
SPECIALLY SELECTED,"Jalapeno Cheddar Sourdough, 20 oz",20 oz,4.39,2026-03-25
PARK STREET DELI,"Chocolate Protein Pudding Cup, 5 oz",5 oz,1.55,2026-03-25
PARK STREET DELI,"Vanilla Protein Pudding Cup, 5 oz",5 oz,1.55,2026-03-25
CLANCY'S,"Original Kettle Chips, 8 oz",8 oz,2.15,2026-03-25
SPECIALLY SELECTED,"Roasted Garlic Balsamic Vinaigrette Dressing, 12 fl oz",12 fl oz,2.99,2026-03-25
PARK STREET DELI,"Roasted Red Pepper Topped Hummus, 10 oz",10 oz,2.85,2026-03-25
L'OVEN FRESH,"Pre Sliced Hot Dog Buns, 8 count",12 oz,1.65,2026-03-25
PARKVIEW,"Uncured Beef Franks, 15 oz",15 oz,4.95,2026-03-25
BAKE SHOP,"Chocolate Chunk Cookies, 14 oz",14 oz,4.39,2026-03-25
BOULDER,"Regular Aluminum Foil, 75 feet",75 ft,4.85,2026-03-25
PARK STREET DELI,"Cranberry Almond Chicken Salad, 16 oz",16 oz,6.05,2026-03-25
PARK STREET DELI,"Mild Fresh Cut Salsa, 16 oz",16 oz,2.65,2026-03-25
PARK STREET DELI,"Medium Fresh Cut Salsa, 16 oz",16 oz,2.65,2026-03-25
CLANCY'S,"Pretzel Mini Twists, 1 lb",16 oz,2.19,2026-03-25
CLANCY'S,"Mesquite Barbecue Kettle Chips, 8 oz",8 oz,2.15,2026-03-25
CLANCY'S,"Jalapeño Kettle Chips, 8 oz",8 oz,2.15,2026-03-25
CLANCY'S,"Sea Salt and Vinegar Kettle Chips, 8 oz",8 oz,2.15,2026-03-25
NEVER ANY!,"Apple Chicken Sausage, 4 count",12 oz,3.29,2026-03-25
BAKER'S CORNER,"Marshmallows, 10 oz",10 oz,1.05,2026-03-25
PARK STREET DELI,"Classic Chicken Salad, 16 oz",16 oz,6.05,2026-03-25
PARK STREET DELI,"Classic Hummus, 10 oz",10 oz,2.85,2026-03-25
PARK STREET DELI,"Garlic Topped Hummus, 10 oz",10 oz,2.85,2026-03-25
CLANCY'S,"Wavy Potato Chips, 10 oz",10 oz,1.99,2026-03-25
BURMAN'S,"Tomato Ketchup, 38 oz",38 oz,2.15,2026-03-25
SPECIALLY SELECTED,"Brioche Hot Dog Buns, 9.52 oz",9.52 oz,3.75,2026-03-25
LITTLE SALAD BAR,"Flat Leaf Spinach, 8 oz",8 oz,1.99,2026-03-25
LITTLE SALAD BAR,"Classic Coleslaw, 14 oz",14 oz,2.09,2026-03-25
SUNDAE SHOPPE,"Vanilla Flavored Light Ice Cream, 1 gal",128 fl oz,6.95,2026-03-25
BOULDER,"Heavy Duty Coated Paper Plate, 70 count",70 ct,3.75,2026-03-25
BURMAN'S,"Hickory BBQ Sauce, 18 oz",18 oz,1.89,2026-03-25
PARKVIEW,"Classic Hot Dogs, 12 oz",12 oz,1.09,2026-03-25
HAPPY FARMS,"Deli Sliced Medium Cheddar Cheese, 8 oz",8 oz,1.65,2026-03-25
PURAQUA,"Key Lime Sparkling Flavored Water, 33.8 fl oz",33.8 fl oz,0.85,2026-03-25
FREMONT FISH MARKET,"Medium EZ Peel Raw Shrimp, 12 oz",12 oz,6.95,2026-03-25
PARKVIEW,"Chicago Style Beef Franks, 12 oz",12 oz,6.39,2026-03-25
NEVER ANY!,"Tomato Basil Chicken Sausage, 4 count",12 oz,3.29,2026-03-25
MAMA COZZI'S PIZZA KITCHEN,"Sliced Pepperoni, 6 oz",6 oz,3.05,2026-03-25
EMPORIUM SELECTION,"Garlic and Herb Goat Cheese Log, 4 oz",4 oz,2.05,2026-03-25
STONEMILL,"Pure Vanilla Extract, 2 fl oz",2 fl oz,4.39,2026-03-25
CLANCY'S,"Pretzel Sticks, 1 lb",16 oz,2.19,2026-03-25
CHEESE CLUB,"Shells and Cheese, 12 oz",12 oz,1.35,2026-03-25
CASA MAMITA,"Canned Diced Tomatoes with Green Chilies, 10 oz",10 oz,1.05,2026-03-25
SEASON'S CHOICE,"Seasoned French Fries, 32 oz",32 oz,3.19,2026-03-25
L'OVEN FRESH,"Pre Sliced Hamburger Buns, 8 count",12 oz,1.65,2026-03-25
CLANCY'S,"Big Dipper Tortilla Chips, 10 oz",10 oz,2.15,2026-03-25
HAPPY FARMS,"Deli Sliced Mild Cheddar Cheese, 8 oz",8 oz,1.65,2026-03-25
BOULDER,"1-Ply Everyday Napkins, 250 count",250 ct,2.49,2026-03-25
BAKE SHOP,"Oatmeal Cranberry Cookies, 14 oz",14 oz,4.39,2026-03-25
HAPPY FARMS,"Deli Sliced Provolone Cheese, 8 oz",8 oz,1.65,2026-03-25
SIMPLY NATURE,"Organic Grass Fed 85% Lean Ground Beef, 1 lb",1 lb,6.59,2026-03-25
,"85/15 Ground Beef Patties, 3 lb",3 lb,16.39,2026-03-25
PARKVIEW,"Beef Smoked Sausage, 12 oz",12 oz,3.09,2026-03-25
CATTLEMEN'S RANCH,"Bacon Cheddar Beef Burger Patties, 2 lb",2 lb,11.85,2026-03-25
PURAQUA,"Black Cherry Sparkling Flavored Water, 33.8 fl oz",33.8 fl oz,0.85,2026-03-25
SAVORITZ,"Six Cracker Assortment, 13.1 oz",13.1 oz,4.19,2026-03-25
EMPORIUM SELECTION,"Plain Goat Cheese Log, 4 oz",4 oz,2.05,2026-03-25
EMPORIUM SELECTION,"Honey Goat Cheese Log, 4 oz",4 oz,2.05,2026-03-25
SPECIALLY SELECTED,"Three Cheese Vinaigrette Dressing, 12 fl oz",12 fl oz,2.99,2026-03-25
SPECIALLY SELECTED,"Raspberry Splash Vinaigrette Dressing, 12 fl oz",12 fl oz,2.99,2026-03-25
HAPPY FARMS,"Deli Sliced Sharp Cheddar Cheese, 8 oz",8 oz,1.65,2026-03-25
SPECIALLY SELECTED,"House Italian Vinaigrette Dressing, 12 fl oz",12 fl oz,2.99,2026-03-25
DAKOTA'S PRIDE,"Maple & Cured Bacon Baked Beans, 28 oz",28 oz,2.09,2026-03-25
EMPORIUM SELECTION,"Deli Sliced Havarti Cheese, 10 count",7 oz,1.65,2026-03-25
PURAQUA,"Purified Water - 24 pack, 16.9 fl oz Bottles",24 x 16.9 fl oz,3.45,2026-03-25
BENTON'S,"Graham Crackers, 14.4 oz",14.4 oz,2.19,2026-03-25
EMPORIUM SELECTION,"Deli Sliced Gouda Cheese, 10 count",7 oz,1.65,2026-03-25
HAPPY FARMS,"Deli Sliced Colby Jack Cheese, 7.5 oz",7.5 oz,1.65,2026-03-25
BAKER'S CORNER,"Fudge Brownie Mix, 18.3 oz",18.3 oz,1.65,2026-03-25
BAKER'S CORNER,"All Purpose Flour, 5 lb",5 lb,2.15,2026-03-25
CHOCEUR,"Milk Chocolate Bar, 5.29 oz",5.29 oz,2.55,2026-03-25
CHOCEUR,"Milk Chocolate Bar with Almonds, 5.29 oz",5.29 oz,2.55,2026-03-25
CASA MAMITA,"Mild Chunky Salsa, 24 oz",24 oz,2.75,2026-03-25
PURAQUA,"Strawberry Sparkling Flavored Water, 33.8 fl oz",33.8 fl oz,0.85,2026-03-25
CASA MAMITA,"Chunky Medium Salsa, 24 oz",24 oz,2.75,2026-03-25
BURMAN'S,"Yellow Mustard, 20 oz",20 oz,1.05,2026-03-25
SPECIALLY SELECTED,"Greek Vinaigrette Dressing, 12 fl oz",12 fl oz,2.99,2026-03-25
COUNTRYSIDE CREAMERY,"Unsalted Butter Sticks, 1 lb",16 oz,3.55,2026-03-25
HAPPY HARVEST,"French Style Green Beans, 14.5 oz",14.5 oz,0.85,2026-03-25
CLANCY'S,"Cheese Melt, 32 oz",32 oz,4.95,2026-03-25
SEASON'S CHOICE,"Steak Cut French Fries, 28 oz",28 oz,3.19,2026-03-25
PARKVIEW,"Polska Kielbasa , 14 oz",14 oz,3.09,2026-03-25
HAPPY FARMS,"Cream Cheese, 8 oz",8 oz,1.65,2026-03-25
CLANCY'S,"Original Pretzel Slims, 8 oz",8 oz,2.09,2026-03-25
,"Ground Mild Italian Sausage, 16 oz",16 oz,3.55,2026-03-25
CLANCY'S,"Original Potato Chips, 10 oz",10 oz,1.99,2026-03-25
SIMPLY NATURE,"Organic Fruit Snacks, 12 count",9.6 oz,5.45,2026-03-25
BOULDER,"Heavy Duty Aluminum Foil, 50 feet",50 ft,4.85,2026-03-25
SUMMIT,"Ginger Beer - 4 pack, 12 fl oz",4 x 12 fl oz,3.85,2026-03-25
,"Mild Italian Sausage Links, 19 oz",19 oz,4.65,2026-03-25
DAKOTA'S PRIDE,"Original Baked Beans, 28 oz",28 oz,2.09,2026-03-25
CASA MAMITA,"Salsa Con Queso, 15 oz",15 oz,2.45,2026-03-25
,"75/25 Ground Beef Patties, 3 lb",3 lb,14.85,2026-03-25
SEASON'S CHOICE,"Crinkle Cut Potatoes, 32 oz",32 oz,3.19,2026-03-25
SUNDAE SHOPPE,"Butter Pecan Ice Cream, 48 oz",48 fl oz,3.25,2026-03-25
SUNDAE SHOPPE,"Cookies and Cream Ice Cream, 48 oz",48 fl oz,3.25,2026-03-25
BAKE SHOP,"Kitchen Sink Cookies, 14 oz",14 oz,4.39,2026-03-25
CATTLEMEN'S RANCH,"Black Angus Beef Burger Patties, 2 lb",2 lb,11.85,2026-03-25
KIRKWOOD,"Cracked Pepper Turkey Tenderloin, 30 oz",24 oz,8.79,2026-03-25
BURMAN'S,"Original BBQ Sauce, 18 oz",18 oz,1.89,2026-03-25
BURMAN'S,"Honey BBQ Sauce, 18 oz",18 oz,1.89,2026-03-25
PUEBLO LINDO,"Tortilla Strips, 24 oz",24 oz,4.19,2026-03-25
PURAQUA,"Peach Sparkling Flavored Water, 33.8 fl oz",33.8 fl oz,0.85,2026-03-25
,"Hot Italian Sausage Links, 19 oz",19 oz,4.65,2026-03-25
KIRKWOOD,"Rotisserie Turkey Tenderloin, 24 oz",24 oz,8.79,2026-03-25
BENTON'S,"Caramel Coconut Fudge Cookies, 8.5 oz",8.5 oz,2.55,2026-03-25
FRIENDLY FARMS,"Whipped Topping, 8 oz",8 oz,1.09,2026-03-25
,"Russet Potatoes, 10 lb",10 lb,4.39,2026-03-25
,"Sugar Snap Peas, 8 oz",8 oz,2.65,2026-03-25
,"Baking Potatoes, 5 lb",5 lb,3.75,2026-03-25
,"Organic Blueberries, 6 oz",6 oz,3.85,2026-03-25
,"Salmon with Mediterranean Herb, per lb",1 lb,9.99,2026-03-25
SWEET BABY RAY'S,"Original Barbecue Sauce, 28 oz",28 oz,3.59,2026-03-25
SPECIALLY SELECTED,"Brioche Buns, 6 count",10.58 oz,4.39,2026-03-25
HAPPY FARMS,"Deluxe American Cheese Slices, 24 count",24 ct,4.35,2026-03-25
SIMPLY NATURE,"Organic Grass Fed 93% Lean Ground Beef, 1 lb",1 lb,8.05,2026-03-25
,"French Green Beans, 1 lb",1 lb,3.29,2026-03-25
,"Red Grapes, per lb",2.25 lb,3.35,2026-03-25
KIRKWOOD,"Thin Sliced Chicken Breasts, per lb",1.4 lb,5.59,2026-03-25
,"Fresh 80% Lean 20% Fat Ground Beef Patties, 4 count",1.33 lb,7.57,2026-03-25
,"Black Angus Beef Choice Boneless Ribeye Steak, per lb",0.925 lb,13.68,2026-03-25
STONEMILL,"Ranch Popcorn Seasoning, 2.7 oz",2.7 oz,2.29,2026-03-25
SIMPLY NATURE,Organic Chicken Breast Strips,1.25 lb,9.11,2026-03-25
SIMPLY NATURE,"Organic Thin Sliced Chicken Breast Fillets, per lb",1.25 lb,8.11,2026-03-25
BOULDER,"8.5"" Everyday Paper Plate, 100 count",100 ct,5.79,2026-03-25
SIMPLY NATURE,"Organic Chicken Breasts, per lb",1 lb,5.79,2026-03-25
,"Family Pack Chicken Thighs, per lb",5.15 lb,7.98,2026-03-25
,"Premium Boneless Half Loin Pork Roast, per lb",3.8 lb,7.18,2026-03-25
,"Family Pack Chicken Wings, per lb",4 lb,11.56,2026-03-25
STONEMILL,"Nacho Cheddar Popcorn Seasoning, 2.85 oz",2.85 oz,2.29,2026-03-25
,"Black Angus Beef Choice Boneless Chuck Roast, per lb",2.4 lb,19.18,2026-03-25
,"Premium Boneless Center Cut Pork Chops, per lb",1.125 lb,4.83,2026-03-25
,"Black Angus Beef Choice Boneless Strip Steak, per lb",0.8 lb,11.03,2026-03-25
KIRKWOOD,"Boneless Skinless Chicken Thighs, per lb",1.85 lb,6.64,2026-03-25
,"Fresh 90% Lean 10% Ground Beef Sirloin, per lb",2 lb,13.98,2026-03-25
,"Black Angus Beef Choice Boneless Top Sirloin Steak, per lb",1.8 lb,19.78,2026-03-25
KIRKWOOD,"Chicken Breast Tenderloins, per lb",2 lb,7.98,2026-03-25
,"Boneless Skinless Chicken Breast Fillets Family Pack, per lb",5 lb,11.45,2026-03-25
NATHAN'S,"Beef Hot Dogs, 12 oz",12 oz,5.39,2026-03-25
BENTON'S,"Family Size Iced Oatmeal Cookies, 18 oz",18 oz,2.15,2026-03-25
,"Premium Boneless Pork Tenderloins, 2 pack",2.64 lb,9.48,2026-03-25
,"Black Angus Beef Choice Boneless Eye of Round Steak, per lb",1 lb,7.99,2026-03-25
SWEET BABY RAY'S,"Honey BBQ Sauce, 28 oz",28 oz,3.59,2026-03-25
MILLVILLE,"Original Crispy Rice Treats, 8 count",,2.75,2026-03-25
BENTON'S,"Family Size Oatmeal Cookies, 18 oz",18 oz,2.15,2026-03-25
PARK STREET DELI,"Atomic Spicy Pickles, 32 fl oz",32 fl oz,3.75,2026-03-25
PARK STREET DELI,"Pineapple Poblano Fresh Guacamole, 10 oz",10 oz,3.29,2026-03-25
PARK STREET DELI,"Southwest Fresh Guacamole, 10 oz",10 oz,3.29,2026-03-25
ALDI,"Chunky Guacamole, 15 oz",15 oz,4.75,2026-03-25
ALDI,"Classic Guacamole, 15 oz",15 oz,4.75,2026-03-25
ALDI,"Spicy Guacamole, 15 oz",15 oz,4.75,2026-03-25
,Black Angus Beef Choice Boneless Sirloin Tip Roast,4 lb,30.76,2026-03-25
MAMA COZZI'S PIZZA KITCHEN,"Cheese & Garlic Stuffed Breadsticks, 5 Sticks",11.5 oz,2.59,2026-03-25
FREMONT FISH MARKET,"Family Pack Size Raw Shrimp, 2 lb",32 oz.,15.99,2026-03-25
,"Premium Black Angus Original Meatballs, 3 lb",3 lb,14.99,2026-03-25
,"Premium Black Angus Italian Style Meatballs, 3 lb",3 lb,14.99,2026-03-25
SEASON'S CHOICE,Potato Puffs,32 oz,3.19,2026-03-25
,Grass Fed Ribeye Steak,1.18 lb,17.69,2026-03-25
POPFULLY,"Gluten Free Yellow Popcorn Kernels, 45 oz",45 oz,3.99,2026-03-25
CLANCY'S,"Movie Theater Butter Microwave Popcorn, 12 count",12 x 2.5 oz,4.95,2026-03-25
SPECIALLY SELECTED,"All Butter Croissants, 6 count",12 oz,3.85,2026-03-25
CLANCY'S,"Bite Size Tortilla Chips, 13 oz",13 oz,2.15,2026-03-25
KIRKWOOD,"Maple Bacon Dry Rub Chicken Wings, 22 oz",22 oz.,8.79,2026-03-25
SUMMIT,"Sparkling Non-Alcoholic Root Beer - 4 pack, 12 fl oz bottle",4 x 12 fl oz,3.85,2026-03-25
SAVORITZ,"Cheddar Cheese Crisp, 1.95 oz",1.95 oz,2.75,2026-03-25
SAVORITZ,"Parmesan Cheese Crisp, 1.95 oz",1.95 oz,2.75,2026-03-25
PARK STREET DELI,"Dill Pickle Chips, 32 fl oz",32 fl oz,3.75,2026-03-25
APPETITOS,"Mac & Cheese Bites, 8 oz",8 oz,2.99,2026-03-25
SPECIALLY SELECTED,"Nashville Crispy Hot Stuffed Shrimp, 6.8 oz",6.8 oz,5.99,2026-03-25
SPECIALLY SELECTED,"Dill Pickle Ranch Crispy Stuffed Shrimp, 6.8 oz",6.8 oz,5.99,2026-03-25
EMPORIUM SELECTION,"Smoked Cheddar Slice Cheese, 8 oz",8 oz,2.45,2026-03-25
EMPORIUM SELECTION,"Smoked Gouda Slice Cheese, 8 oz",8 oz,2.45,2026-03-25
SUNDAE SHOPPE,"Vanilla Frozen Dairy Dessert Sandwiches, 42 fl oz",42 fl oz,3.25,2026-03-25
BOULDER,6 Roll Towel - 110 Sheets,6 ct,5.95,2026-03-25
BOULDER,Ultra Paper Towel - 120 Sheets,12 ct,17.05,2026-03-25
FREMONT FISH MARKET,"Chipotle Sea Salt Shrimp Skewer, 8 oz",8 oz,7.69,2026-03-25
BOULDER,Ultra Paper Towel - 120 Sheets,2 ct,4.19,2026-03-25
BOULDER,Ultra Paper Towel - 120 Sheets,6 ct,9.35,2026-03-25
DAKOTA'S PRIDE,Brown Sugar & Hickory Baked Beans,28 oz,2.09,2026-03-25
PARK STREET DELI,"Gluten Free-Vegan Guacamole Avocado Verde, 10 oz",10 oz,3.29,2026-03-25
DEAN'S,"Creamy French Onion Dip, 16 oz",16 oz,2.85,2026-03-25
RITZ,"Peanut Butter Sandwich Crackers, 10.8 oz",10.8 oz,3.95,2026-03-25
RITZ,"Cheese Sandwich Crackers, 10.8 oz",10.8 oz,3.95,2026-03-25
SPECIALLY SELECTED,"Wagyu Ground Beef, 16 oz",1 lb,4.99,2026-03-25
CLANCY'S,"Ridged Cheddar & Sour Cream Flavored Potato Chips, 9 oz",9 oz,1.99,2026-03-25
CLANCY'S,"Ridged Jalapeno Ranch Flavored Potato Chips, 9 oz",9 oz,1.99,2026-03-25
BAKER'S TREAT,"Peanut Butter Wafers, 12 count",12 oz,2.55,2026-03-25
BURMAN'S,Hot Honey BBQ Sauce,15.5 oz,3.29,2026-03-25
BURMAN'S,Gold BBQ Sauce,15.5 oz,3.29,2026-03-25
BURMAN'S,"Mild BBQ Sauce, 15.5 oz",15.5 oz,3.29,2026-03-25
NABISCO,"Mini Oreo Cookies, 10 count",10 oz.,5.89,2026-03-25
NABISCO,"Mini Nilla Cookies, 10 count",10 oz.,5.89,2026-03-25
NABISCO,"Mini Variety Pack Cookies, 10 count",10 oz.,5.89,2026-03-25
PARK STREET DELI,"Stuffed Cherry Peppers, 8 oz",8 oz,4.19,2026-03-25
PARK STREET DELI,"Stuffed Red Peppers, 8 oz",8 oz,4.19,2026-03-25
PARK STREET DELI,"Stuffed Green Peppers, 8 oz",8 oz,4.19,2026-03-25
PARK STREET DELI,"Stuffed Honey Peppers, 8 oz",8 oz,4.19,2026-03-25
BARISSIMO,"French Dark Roast Coffee Pods, 12 count",12 ct,5.05,2026-03-25
SIMPLY NATURE,"Fair Trade Organic Guatemalan Light Roast Coffee Pods, 12 count",12 ct,5.49,2026-03-25
NATURE'S NECTAR,"Orange Juice with Pulp, 52 fl oz",52 fl oz,4.15,2026-03-25
NATURE'S NECTAR,"Orange Juice Not From Concentrate, 52 fl oz",52 fl oz,4.15,2026-03-25
BEAUMONT,"Classic Roast Medium Ground Coffee, 30.5 oz",30.5 oz,13.99,2026-03-25
PURAQUA,"Mango Tropical Flavored Water, 33.8 fl oz",33.8 fl oz,0.89,2026-03-25
PURAQUA,"Cranberry Flavored Water, 33.8 fl oz",33.8 fl oz,0.89,2026-03-25
SIMPLY NATURE,"Organic Apple Juice Boxes - 8 pack, 6.75 fl oz box",8 x 6.75 fl oz,3.85,2026-03-25
PURAQUA,"Cherry Limeade Sparkling Frost Water, 17 fl oz",17 fl oz,0.65,2026-03-25
SIMPLY NATURE,"Organic 100% Antioxidant Power Juice, 33.8 fl oz",33.8 fl oz,4.19,2026-03-25
BEAUMONT,"100% Colombian Medium Dark Ground Coffee, 24.2 oz",24.2 oz,12.65,2026-03-25
PURAQUA,"Pink Grapefruit Sparkling Flavored Frost Water, 17 fl oz",17 fl oz,0.65,2026-03-25
NATURE'S NECTAR,"Pure Coconut Water, 33.8 fl oz",33.8 fl oz,2.75,2026-03-25
NATURE'S NECTAR,"100% Lemon Juice, 32 fl oz",32 fl oz,2.45,2026-03-25
NATURE'S NECTAR,"Splash Berry Blend Juice Cocktail, 64 fl oz",64 fl oz,1.99,2026-03-25
NATURE'S NECTAR,"100% Lime Juice, 32 fl oz",32 fl oz,2.45,2026-03-25
BARISSIMO,"Mocha Iced Coffee, 64 fl oz",64 fl oz,4.29,2026-03-25
PURAQUA,"Lime Belle Vie Sparkling Flavored Water - 12 pack, 12 fl oz",12 x 12 fl oz,4.85,2026-03-25
SUMMIT,"Cola, 12-Pack, 12 fl oz Soda Cans",12 x 12 fl oz,4.69,2026-03-25
PURAQUA,"Lemonade Drink Mix, 6 count",6 ct,2.55,2026-03-25
PURAQUA,"Fruit Punch Liquid Water Enhancer - 24 pack, 1.62 fl oz",1.62 fl oz,2.15,2026-03-25
PURAQUA,"Key Lime Sparkling Flavored Water, 33.8 fl oz",33.8 fl oz,0.85,2026-03-25
NATURE'S NECTAR,"100% Fruit Punch Juice Boxes - 8 pack, 6.75 fl oz",8 x 6.75 fl oz,3.29,2026-03-25
NATURE'S NECTAR,"100% Mango Tangerine Juice, 64 fl oz",64 fl oz,3.09,2026-03-25
NATURE'S NECTAR,"100% Apple Juice Boxes - 8 pack, 6.75 fl oz",8 x 6.75 fl oz,3.29,2026-03-25
NATURE'S NECTAR,"Pulp Free Orange Juice, 52 fl oz",52 fl oz,4.15,2026-03-25
PURAQUA,"Grapefruit Belle Vie Sparkling Flavored Water - 12 pack, 12 fl oz",12 x 12 fl oz,4.85,2026-03-25
PURAQUA,"Italian Sparkling Mineral Water - 6 pack, 16.9 fl oz Bottles",16.9 fl oz,5.19,2026-03-25
NATURE'S NECTAR,"Guava Mango Juice Drink, 59 oz",59 fl oz,1.75,2026-03-25
PURAQUA,"Purified Gallon Water, 128 fl oz",128 fl oz,1.29,2026-03-25
PURAQUA,"Grape Liquid Water Enhancer - 24 pack, 1.62 fl oz",1.62 fl oz,2.15,2026-03-25
SIMPLY NATURE,"Organic Peru Whole Bean Medium Roast Coffee, 12 oz",12 oz,8.79,2026-03-25
NATURE'S NECTAR,"Cranberry Apple Juice Cocktail, 64 fl oz",64 fl oz,3.25,2026-03-25
BARISSIMO,"Fair Trade Hazelnut Flavored Coffee Pods, 12 count",12 ct,5.05,2026-03-25
BENNER,"Green Tea Citrus Iced Tea - 12 pack, 16.9 fl oz",12 x 16.9 fl oz,5.49,2026-03-25
BARISSIMO,"Donut Store Medium Roast 100% Arabica Blend Ground Coffee, 12 oz",12 oz,7.15,2026-03-25
SUMMIT,"Caffeine Free Ginger Ale Soda - 12 pack, 12 fl oz can",12 x 12 fl oz,4.69,2026-03-25
NATURE'S NECTAR,"Cranberry Pomegranate Juice Cocktail, 64 fl oz",64 fl oz,3.25,2026-03-25
NATURE'S NECTAR,"100% Apple Juice, 64 fl oz",64 fl oz,2.19,2026-03-25
BARISSIMO,"Breakfast Blend Medium Roast 100% Arabica Ground Coffee, 12 oz",12 oz,7.15,2026-03-25
BENNER,"Diet Green Tea Citrus Iced Tea - 12 pack, 16.9 fl oz",12 x 16.9 fl oz,5.49,2026-03-25
PURAQUA,"Fruit Punch Drink Mix, 6 count",6 ct,2.55,2026-03-25
SIMPLY NATURE,"Organic 100% Apple Juice, 64 fl oz",64 fl oz,3.55,2026-03-25
NATURE'S NECTAR,"Strawberry Kiwi Juice Drink, 59 fl oz",59 fl oz,1.75,2026-03-25
NATURE'S NECTAR,"100% Cranberry Juice, 64 fl oz",64 fl oz,3.59,2026-03-25
NATURE'S NECTAR,"100% Grape Juice, 64 fl oz",64 fl oz,3.45,2026-03-25
BARISSIMO,"Fair Trade Colombian Medium Roast Coffee Pods, 12 count",12 ct,5.05,2026-03-25
BARISSIMO,"Fair Trade Midnight Blend Dark Roast Coffee Pods, 12 count",12 ct,5.05,2026-03-25
BEAUMONT,"Classic Medium Decaf Ground Coffee, 11.3 oz",11.3 oz,6.59,2026-03-25
PURAQUA,"Peach Iced Tea Drink Mix, 6 count",6 ct,2.55,2026-03-25
PURAQUA,"Black Cherry Sparkling Flavored Water, 33.8 fl oz",33.8 fl oz,0.85,2026-03-25
NATURE'S NECTAR,"Splash Tropical Blend Juice Cocktail, 64 fl oz",64 fl oz,1.99,2026-03-25
SUMMIT,"Cola, 2 Liter Bottle",2 L,1.09,2026-03-25
PURAQUA,"Purified Water - 24 pack, 16.9 fl oz Bottles",24 x 16.9 fl oz,3.45,2026-03-25
NESTLE,"Dark Roast Instant Coffee, 7 oz",7 oz,9.89,2026-03-25
PURAQUA,"Purified Water - 24 pack, 10 fl oz Bottles",24 x 10 fl oz,4.15,2026-03-25
PURAQUA,"Natural Spring Water - 24 pack, 16.9 fl oz Bottles",24 x 16.9 fl oz,4.39,2026-03-25
NATURE'S NECTAR,"100% White Grape Juice, 64 fl oz",64 fl oz,3.45,2026-03-25
PURAQUA,"Strawberry Sparkling Flavored Water, 33.8 fl oz",33.8 fl oz,0.85,2026-03-25
PURAQUA,"Strawberry Watermelon Liquid Water Enhancer, 1.62 fl oz",1.62 fl oz,2.15,2026-03-25
SUMMIT,"Diet Cola - 12 Pack, 12 fl oz can",12 x 12 fl oz,4.69,2026-03-25
NATURE'S NECTAR,"Cranberry Raspberry Juice Cocktail, 64 fl oz",64 fl oz,3.25,2026-03-25
NATURE'S NECTAR,"100% Mango Passion Juice, 64 fl oz",64 fl oz,3.09,2026-03-25
NATURE'S NECTAR,"Cranberry Grape Juice Cocktail, 64 fl oz",64 fl oz,3.25,2026-03-25
BARISSIMO,"Hazelnut Flavored Ground Coffee, 12 oz",12 oz,7.15,2026-03-25
BARISSIMO,"French Vanilla Flavored Ground Coffee, 12 oz",12 oz,7.15,2026-03-25
PURAQUA,"Lemonade Sparkling Frost Water, 17 fl oz",17 fl oz,0.65,2026-03-25
PURAQUA,"Black Raspberry Sparkling Flavored Frost Water, 17 fl oz",17 fl oz,0.65,2026-03-25
BARISSIMO,"French Dark Roast Ground Coffee, 12 oz",12 oz,7.15,2026-03-25
BARISSIMO,"House Blend Medium Roast Ground Coffee, 12 oz",12 oz,7.15,2026-03-25
PURAQUA,"Pineapple Coconut Sparkling Frost Water, 17 fl oz",17 fl oz,0.65,2026-03-25
PURAQUA,"Lemon Belle Vie Sparkling Flavored Water - 12 pack, 12 fl oz",12 x 12 fl oz,4.85,2026-03-25
PURAQUA,"Original Belle Vie Sparkling Flavored Water - 12 pack, 12 fl oz",12 x 12 fl oz,4.85,2026-03-25
SUMMIT,"Ginger Beer - 4 pack, 12 fl oz",4 x 12 fl oz,3.85,2026-03-25
BARISSIMO,"Fair Trade Decaf Donut Store Medium Roast Coffee Pods, 12 count",12 ct,5.05,2026-03-25
BARISSIMO,"Caramel Cappuccino Coffee Pods, 12 count",12 ct,5.05,2026-03-25
BEAUMONT,"Instant Regular Coffee, 8 oz",8 oz,5.95,2026-03-25
PURAQUA,"Orange Mango Sparkling Flavored Frost Water, 17 fl oz",17 fl oz,0.65,2026-03-25
SIMPLY NATURE,"Fair Trade Organic Extra Bold Medium Roast Coffee Pods, 12 count",12 ct,5.49,2026-03-25
NATURE'S NECTAR,"Aloe Vera Drink, 16.9 fl oz",16.9 fl oz,1.09,2026-03-25
BARISSIMO,"Fair Trade French Vanilla Flavored Single Serve Coffee Pods, 12 count",12 ct,5.05,2026-03-25
SUMMIT,"Citrus Twist Lemon Lime Soda - 12 pack cans, 12 fl oz",12 x 12 fl oz,4.69,2026-03-25
SIMPLY NATURE,"Organic Fruit Punch Juice - 8 pack, 6.75 fl oz box",8 x 6.75 fl oz,3.85,2026-03-25
PURAQUA,"Orange Tangerine Liquid Water Enhancer - 24 pack, 1.62 fl oz",1.62 fl oz,2.15,2026-03-25
SIMPLY NATURE,"Organic 100% 7 Super Fruits Juice, 33.8 fl oz",33.8 fl oz,4.19,2026-03-25
PURAQUA,"Lemonade Flavored Water, 33.8 fl oz",33.8 fl oz,0.89,2026-03-25
PURAQUA,"Strawberry Lemonade Flavored Water, 33.8 fl oz",33.8 fl oz,0.89,2026-03-25
BARISSIMO,"Fair Trade Breakfast Blend Medium Roast Coffee Pods, 12 count",12 ct,5.05,2026-03-25
BARISSIMO,"Fair Trade Decaf Breakfast Blend Medium Roast Coffee Pods, 12 count",12 ct,5.05,2026-03-25
SIMPLY NATURE,"Organic Honduran Whole Bean Medium Roast Coffee, 12 oz",12 oz,8.79,2026-03-25
PURAQUA,"Peach Sparkling Flavored Water, 33.8 fl oz",33.8 fl oz,0.85,2026-03-25
COCA-COLA,"Coca Cola, 20 fl oz",20 fl oz,2.75,2026-03-25
BENNER,"Sweet Black Iced Tea - 6 pack, 16 fl oz bottle",6 x 16 fl oz,6.29,2026-03-25
BENNER,"Peach Flavored Iced Tea - 6 pack, 16 fl oz",6 x 16 fl oz,4.79,2026-03-25
SUMMIT,"Regular Energy Drink, 16 fl oz Can",16 fl oz,1.45,2026-03-25
PURAQUA,"Flavored Water Bottles - 24 pack, 16 fl oz",24 x 16 fl oz,8.05,2026-03-25
SIMPLY NATURE,"100% Black Cherry Plum Juice, 64 fl oz",64 fl oz,3.29,2026-03-25
BENNER,"Diet Peach Flavored Iced Tea - 6 pack, 16 fl oz",6 x 16 fl oz,4.79,2026-03-25
SIMPLY NATURE,"100% Pomegranate Plum Juice, 64 fl oz",64 fl oz,3.29,2026-03-25
SUMMIT,"Citrus Twist, 2 Liter Soda Bottle",2 L,1.09,2026-03-25
ELEVATION,"Vanilla Protein Powder, 2 lb",2 lb,20.15,2026-03-25
ELEVATION,"Chocolate Protein Powder, 2 lb",2 lb,20.15,2026-03-25
NATURE'S NECTAR,"Aloe Vera Mango Flavor Drink, 16.9 fl oz",16.9 fl oz,1.09,2026-03-25
STOK,"Cold Brew Black Coffee Unsweetened, 48 fl oz",48 fl oz,6.59,2026-03-25
ELEVATION,"Chocolate Ready to Drink Protein Shake, 4 count",4 ct,7.89,2026-03-25
CELSIUS,"Watermelon Sparkling Drink, 12 fl oz",12 fl oz,2.15,2026-03-25
BEAUMONT,"Decaffeinated Instant Coffee, 7 oz",7 oz,5.95,2026-03-25
SUMMIT,"Red Thunder Extra Strength Grape, 2 fl oz",2 fl oz,1.29,2026-03-25
GATORADE,"Fruit Punch Sports Drink - 8 pack, 20 oz bottle",8 x 20 fl oz,7.69,2026-03-25
GATORADE,"Glacier Cherry Sports Drink - 8 pack, 20 oz bottle",8 x 20 fl oz,7.69,2026-03-25
SUMMIT,"Red Thunder Extra Strength Berry, 2 fl oz",2 fl oz,1.29,2026-03-25
VITALIFE,"Organic Mixed Berry Kombucha, 16 fl oz",16 fl oz,2.19,2026-03-25
ARIZONA,"Arnold Palmer Lite Half and Half Iced Tea and Lemonde - 12 pack, 11.5 fl oz",12 x 11.5 fl oz,5.29,2026-03-25
PURAQUA,"Strawberry Belle Vie Sparkling Flavored Water - 12 pack, 12 fl oz",12 x 12 fl oz,4.85,2026-03-25
NATURE'S NECTAR,"Non Alcoholic Sparkling Red Grape Juice Cocktail, 750 ml",25.4 fl oz,2.75,2026-03-25
BOLTHOUSE FARMS,"Strawberry Banana Smoothie, 52 fl oz",52 fl oz,6.59,2026-03-25
CELSIUS,"Orange Sparkling Drink, 12 fl oz",12 fl oz,2.15,2026-03-25
SUMMIT,"Ultra White Energy Drink, 16 fl oz Can",16 fl oz,1.45,2026-03-25
COCA-COLA,"Diet Coke Mini Cans - 6 Pack, 7.5 fl oz",6 x 7.5 fl oz,5.35,2026-03-25
COCA-COLA,"Sprite Mini Cans - 6 Pack, 7.5 fl oz",6 x 7.5 fl oz,5.35,2026-03-25
GOOD BELLY,"Pomegranate Blackberry Probiotic Juice, 32 fl oz",32 fl oz,4.39,2026-03-25
NATURE'S NECTAR,"Orange Peach Mango Juice Blend, 64 fl oz",64 fl oz,4.09,2026-03-25
RED BULL,"Energy Drink, 12 fl oz",12 fl oz,3.15,2026-03-25
CAPRI SUN,"Fruit Punch Flavored Juice Pouches, 6 fl oz, 10 count",10 x 6 fl oz,3.85,2026-03-25
MONSTER,"Original Energy Drink, 16 fl oz",16 fl oz,2.95,2026-03-25
ELEVATION,"Chocolate Meal Replacement Shake, 6 count",66 fl oz,8.25,2026-03-25
RED BULL,"Sugar Free Energy Drink, 12 fl oz",12 fl oz,3.15,2026-03-25
NATURE'S NECTAR,"Fruit Punch Juice, 59 fl oz",59 fl oz,1.75,2026-03-25
MILO'S,"Famous Sweet Tea, 1 gal",128 fl oz,4.29,2026-03-25
LA CROIX,"Limon Cello Sparkling Flavored Water - 12 pack, 12 fl oz cans",12 x 12 fl oz,6.29,2026-03-25
JARRITOS,"Mandarin Soda Bottle, 1.5 L fl oz",50.72 fl oz,1.75,2026-03-25
CAPRI SUN,"Strawberry Kiwi Mixed Flavored Juice Pouches, 6 fl oz, 10 count",10 x 6 fl oz,3.85,2026-03-25
GATORADE,"Cool Blue Sports Drink, 20 oz bottles, 8 pack",8 x 20 fl oz,7.69,2026-03-25
NATURE'S NECTAR,"Orange Strawberry Banana Juice Blend, 64 fl oz",64 fl oz,4.09,2026-03-25
GATORADE,"Orange Sports Drink, 20 oz bottles, 8 pack",8 x 20 fl oz,7.69,2026-03-25
COCA-COLA,"Original Soda Pop, 2 Liter",2 L,3.29,2026-03-25
COCA-COLA,"Coca Cola, 12-Pack Soda Cans, 12 oz",12 x 12 fl oz,9.29,2026-03-25
COCA-COLA,"Lemon Lime Soda, 20 fl oz Bottle",20 fl oz,2.75,2026-03-25
PURAQUA,"Kiwi Strawberry Sparkling Flavored Frost Water, 17 fl oz",17 fl oz,0.65,2026-03-25
SIMPLY NATURE,"Organic 100% Gold Fusion Juice, 33.8 fl oz",33.8 fl oz,4.19,2026-03-25
SUMMIT,"Red Thunder Regular Strength Berry, 2 fl oz",2 fl oz,1.29,2026-03-25
BOLTHOUSE FARMS,"Green Goodness Smoothie, 52 fl oz",52 fl oz,6.59,2026-03-25
VITALIFE,"Organic Ginger Lemon Kombucha, 16 fl oz",16 fl oz,2.19,2026-03-25
MONSTER,"Zero Ultra Energy Drink, 16 fl oz",16 fl oz,2.95,2026-03-25
LA CROIX,"Razz-Cranberry Sparkling Flavored Water, 12 Cans",12 x 12 fl oz,6.29,2026-03-25
GATORADE,"Fierce Grape Sports Drink - 8 pack, 20 oz bottle",8 x 20 fl oz,7.69,2026-03-25
GATORADE,"Lemon Lime Sports Drink, 20 oz bottles, 8 pack",8 x 20 fl oz,7.69,2026-03-25
NATURE'S NECTAR,"Orange Juice From Concentrate, 1 gal",128 fl oz,8.25,2026-03-25
VITALIFE,"Kick it in the Ginger Shot, 2 fl oz",2 fl oz,1.89,2026-03-25
ELEVATION,"Vanilla Ready to Drink Protein Shake, 4 count",4 ct,7.89,2026-03-25
VITALIFE,"The Golden Child Turmeric Shot, 2 fl oz",2 fl oz,1.89,2026-03-25
HEALTH-ADE,"Passion Fruit Tangerine Kombucha, 16 fl oz",16 fl oz,3.19,2026-03-25
NATURE'S NECTAR,"Non Alcoholic Sparkling White Grape Juice Cocktail, 750 ml",25.4 fl oz,2.75,2026-03-25
HEALTH-ADE,"Pink Lady Apple Kombucha, 16 fl oz",16 fl oz,3.19,2026-03-25
ARIZONA,"Green Tea with Ginseng and Honey Iced Tea - 12 pack, 11.5 fl oz can",12 x 11.5 fl oz,5.29,2026-03-25
NATURE'S NECTAR,"Tropical Punch Juice, 59 fl oz",59 fl oz,1.75,2026-03-25
VITALIFE,"Strawberry Mint Probiotic Spritzer, 12 fl oz",12 fl oz,2.19,2026-03-25
COCA-COLA,"Cola Mini Cans - 6 Pack, 7.5 fl oz",6 x 7.5 fl oz,5.35,2026-03-25
SUMMIT,"Paradise Energy Drink, 16 fl oz can",16 fl oz,1.45,2026-03-25
VITALIFE,"Pineapple Mango Probiotic Spritzer, 12 fl oz",12 fl oz,2.19,2026-03-25
CAPRI SUN,"Pacific Cooler Mixed Flavored Juice Pouches - 10 Pack, 6 fl oz",10 x 6 fl oz,3.85,2026-03-25
COCA-COLA,"Diet Coke, 20 fl oz",20 fl oz,2.75,2026-03-25
NATURE'S NECTAR,"100% Apple Juice - 6 count, 8 fl oz",6 x 8 fl oz,4.39,2026-03-25
PURAQUA,"All Natural Liquid Water Enhancer Black Cherry - 24 pack, 1.62 fl oz",1.62 fl oz,2.15,2026-03-25
PURAQUA,"All Natural Liquid Water Enhancer Lemonade - 24 pack, 1.62 fl oz",1.62 fl oz,2.15,2026-03-25
PURAQUA,"All Natural Liquid Water Enhancer Mixed Berry - 24 pack, 1.62 fl oz",1.62 fl oz,2.15,2026-03-25
PURAQUA,"All Natural Liquid Water Enhancer Tropical Punch - 24 pack, 1.62 fl oz",1.62 fl oz,2.15,2026-03-25
SUMMIT,"Red Thunder Energy Drink- 4 pack, 12 fl oz Can",48 fl oz,3.65,2026-03-25
PURAQUA,"Tropical Fusion Energy Liquid Water Enhancer, 1.62 fl oz",1.62 fl oz,2.15,2026-03-25
PURAQUA,"Acai Berry Energy Liquid Water Enhancer, 1.62 fl oz",1.62 fl oz,2.15,2026-03-25
PURAQUA,"Black Cherry Energy Liquid Water Enhancer, 1.62 fl oz",1.62 fl oz,2.15,2026-03-25
PURAQUA,"Strawberry Pineapple Energy Liquid Water Enhancer, 1.62 fl oz",1.62 fl oz,2.15,2026-03-25
PURAQUA,"Citrus Energy Stick, 10 count",10 ct,2.15,2026-03-25
PURAQUA,"Grape Energy Stick, 10 count",10 ct,2.15,2026-03-25
PURAQUA,"Peach Mango Energy Stick, 10 count",10 ct,2.15,2026-03-25
PURAQUA,"Strawberry Energy Stick, 10 count",10 ct,2.15,2026-03-25
PURAQUA,"Blackberry Belle Vie Sparkling Flavored Water - 12 pack, 12 fl oz",12 x 12 fl oz,4.85,2026-03-25
GATORADE,"Thirst Quencher Variety Pack - 18 pack, 12 fl oz bottle",18 x 12 fl oz,11.89,2026-03-25
SUMMIT,"Cola - 6 pack, 7.5 fl oz Mini Cans",6 x 7.5 fl oz,2.75,2026-03-25
SUMMIT,"Lemon Lime - 6 pack, 75. fl oz Mini Cans",6 x 7.5 fl oz,2.75,2026-03-25
SUMMIT,"Diet Cola - 6 pack, 7.5 fl oz Mini Cans",6 x 7.5 fl oz,2.75,2026-03-25
BARISSIMO,"Caramel Flavored Coffee Pods, 12 count",12 ct,5.05,2026-03-25
BARISSIMO,"Mocha Flavored Coffee Pods, 12 count",12 ct,5.05,2026-03-25
GATORADE,"G Zero Orange Zero Sugar Sports Drink, 28 fl oz",28 fl oz,1.99,2026-03-25
GATORADE,"G Zero Glacier Freeze Zero Sugar Sports Drink, 28 fl oz",28 fl oz,1.99,2026-03-25
GATORADE,"G Zero Lemon Lime Zero Sugar Sports Drink, 28 fl oz",28 fl oz,1.99,2026-03-25
GATORADE,"G Zero Fruit Punch Zero Sugar Sports Drink, 28 fl oz",28 fl oz,1.99,2026-03-25
CELSIUS,"Sparkling Grape Rush Energy Drink, 12 fl oz",12 fl oz,2.15,2026-03-25
CELSIUS,"Peach Vibe White Peach Sparkling Energy Drink, 12 fl oz",12 fl oz,2.15,2026-03-25
PURAQUA,"Lemon Lime Hydration with Electrolyte Drink Mix, 6 count",6 ct,3.19,2026-03-25
PURAQUA,"Passion Fruit Hydration with Electrolyte Drink Mix, 6 count",6 ct,3.19,2026-03-25
PURAQUA,"Watermelon Berry Probiotic Water, 16.9 fl oz",18 fl oz,1.85,2026-03-25
NATURE'S NECTAR,"Canned Coconut Water with Pulp, 17.6 fl oz",17.6 fl oz,1.09,2026-03-25
NATURE'S NECTAR,"Canned Coconut Water No Pulp, 17.6 fl oz",17.6 fl oz,1.09,2026-03-25
COCA-COLA,"Coke Zero, 20 fl oz",20 fl oz,2.75,2026-03-25
LA CROIX,"Tangerine Sparkling Flavored Water- 12 pack, 12 fl oz cans",12 x 12 fl oz,6.29,2026-03-25
SUMMIT,"Sparkling Non-Alcoholic Root Beer - 4 pack, 12 fl oz bottle",4 x 12 fl oz,3.85,2026-03-25
NATURE'S NECTAR,"Not From Concentrate Pineapple Juice, 52 fl oz",52 fl oz,5.95,2026-03-25
VITALIFE,"Strawberry Vanilla Prebiotic Soda, 12 fl oz",12 fl oz,1.85,2026-03-25
VITALIFE,"Root Beer Prebiotic Soda, 12 fl oz",12 fl oz,1.85,2026-03-25
BARISSIMO,"Caramel Macchiato Iced Coffee, 64 fl oz",64 fl oz,4.29,2026-03-25
NATURE'S NECTAR,"Kiwi Strawberry Juice Pouches, 60 fl oz",60 fl oz,3.45,2026-03-25
NATURE'S NECTAR,"Fruit Punch Juice Pouches - 10 Pack, 6 fl oz pouch",60 fl oz,3.45,2026-03-25
NATURE'S NECTAR,"Wild Cherry Juice Pouches - 10 pack, 6 fl oz pouch",60 fl oz,3.45,2026-03-25
BARISSIMO,"Medium Roast Iced Coffee, 48 fl oz",48 fl oz,5.29,2026-03-25
BOLTHOUSE FARMS,"Amazing Mango Juice, 52 fl oz",52 oz,6.59,2026-03-25
BOLTHOUSE FARMS,"100% Carrot Juice, 52 fl oz",52 oz,6.59,2026-03-25
PURAQUA,"Sparkling Frost Caffeine Strawberry Citrus Flavored Drink, 16 fl oz",16 fl oz,0.89,2026-03-25
PURAQUA,"Sparkling Frost Caffeine Blue Raspberry Flavored Drink, 16 fl oz",16 fl oz,0.89,2026-03-25
PURAQUA,"Sparkling Frost Caffeine Black Raspberry Flavored Drink, 16 fl oz",16 fl oz,0.89,2026-03-25
PURAQUA,"Sparkling Frost Black Cherry Flavored Water, 17 fl oz",17 fl oz,0.65,2026-03-25
CELSIUS,"Tropical Vibe Starfruit Pineapple Sparkling Energy Drink, 12 fl oz",12 fl oz,2.15,2026-03-25
ALANI NU,"Cherry Twist Energy Drink, 12 fl oz",12 fl oz,2.55,2026-03-25
SUMMIT,"Sugar Free Red Thunder Berry Energy Drink - 4 pack, 12 fl oz can",48 fl oz,3.65,2026-03-25
PRIME HYDRATION,"Cherry Freeze Hydration Drink, 16.9 fl oz",16.9 fl oz,2.15,2026-03-25
NATURE'S NECTAR,"Light Orange Juice Calcium & Vitamin D, 52 fl oz",52 fl oz,4.15,2026-03-25
NATURE'S NECTAR,"Light Orange Juice No Pulp, 52 fl oz",52 fl oz,4.15,2026-03-25
BARISSIMO,"Midnight Ground Coffee, 12 oz",12 oz,7.15,2026-03-25
PRIME,"Ice Pop Hydration Drink, 16.9 fl oz bottle",16.9 fl oz,2.15,2026-03-25
SUMMIT,"Red Thunder Watermelon Flavored Energy Drink - 4 pack, 12 fl oz can",48 fl oz,3.65,2026-03-25
PURAQUA,"Single Serve Iced Tea with Lemon Drink Mix Sticks, 10 count",10 ct,2.15,2026-03-25
PURAQUA,"Single Serve Fruit Punch Drink Mix Sticks, 10 count",10 ct,2.15,2026-03-25
PURAQUA,"Strawberry Hydration Drink Mix Sticks, 6 count",6 ct,3.19,2026-03-25
COCA-COLA,Sprite 20 fl oz,20 fl oz,2.65,2026-03-25
POPPI,"Orange Flavor Soda Can, 12 fl oz",12 fl oz,2.09,2026-03-25
POPPI,"Cherry Limeade Soda Can, 12 fl oz",12 fl oz,2.09,2026-03-25
POPPI,"Raspberry Rose Flavor Soda Can, 12 fl oz",12 fl oz,2.09,2026-03-25
POPPI,"Strawberry Lemon Flavor Soda Can, 12 fl oz",12 fl oz,2.09,2026-03-25
ALANI NU,"Alani Pink Slush Energy Drink, 12 fl oz can",12 fl oz,2.55,2026-03-25
NATURE'S NECTAR,"Zero Sugar Cranberry Juice, 64 fl oz",64 fl oz,2.45,2026-03-25
NATURE'S NECTAR,"Zero Sugar Cranberry Grape Juice, 64 fl oz",64 fl oz,2.45,2026-03-25
POPPI,"Lemon Lime Prebiotic Soda, 4 Pack",4 x 12 fl oz,8.25,2026-03-25
POPPI,"Strawberry Lemon Prebiotic Soda, 4 Pack",4 x 12 fl oz,8.25,2026-03-25
NATURE'S NECTAR,"No Added Sugar 100% Pineapple Juice - 6 pack, 6 fl oz can",36 fl oz,3.65,2026-03-25
PURAQUA,"Raspberry Blackberry Sparkling Water, 33.8 fl oz",33.8 fl oz,0.85,2026-03-25
PURAQUA,"White Grape Flavor Sparkling Water, 33.8 fl oz",33.8 fl oz,0.85,2026-03-25
PURAQUA,"Mandarin Orange Sparkling Water, 33.8 fl oz bottle",33.8 fl oz,0.85,2026-03-25
PURAQUA,"Cherry Limeade Flavored Sparkling Water, 33.8 fl oz",33.8 fl oz,0.85,2026-03-25
REAL COCO,"Organic Coconut Water, 16.9 fl oz",500 mL,2.75,2026-03-25
SUMMIT,"Pineapple & Starfruit Tropical Wave Energy Drink, 12 fl oz can",12 fl oz,1.35,2026-03-25
SUMMIT,"Peach Waves Energy Drink, 12 fl oz can",12 fl oz,1.35,2026-03-25
SUMMIT,"Blue Raspberry Waves Energy Drink, 12 fl oz can",12 fl oz,1.35,2026-03-25
CELSIUS,"Fizz Free Peach Mango Green Tea, 12 fl oz can",12 fl oz,2.15,2026-03-25
LA CROIX,"Strawberry Peach Flavored Sparkling Water - 12 pack, 12 fl oz can",12 x 12 fl oz,6.29,2026-03-25
WATERLOO,"BlackBerry Lemonade Flavored Sparkling Water - 8 Pack, 12 fl oz",8 x 12 fl oz,4.59,2026-03-25
PURAQUA,"Italian Sparkling Mineral Water, 25.4 fl oz",25.4 fl oz,1.99,2026-03-25
CAFE EL MORRO,"Espresso Ground Coffee, 8.8 oz",8.8 oz,4.05,2026-03-25
SUMMIT,"Popz Cherry Lime Flavored Prebiotic Soda, 12 fl oz can",12 fl oz,1.65,2026-03-25
SUMMIT,"Popz Strawberry Lemon Flavored Prebiotic Soda, 12 fl oz can",12 fl oz,1.65,2026-03-25
SUMMIT,"Popz Raspberry Rose Flavored Prebiotic Soda, 12 fl oz can",12 fl oz,1.65,2026-03-25
SUMMIT,"Popz Lemon Lime Flavored Prebiotic Soda, 12 fl oz can",12 fl oz,1.65,2026-03-25
PURAQUA,"Zero Sugar Pina Colada Mocktail Sparkling Water - 8 pack, 12 fl oz can",8 x 12 fl oz,4.09,2026-03-25
PURAQUA,"Zero Sugar Mojito Mocktail Sparkling Water - 8 pack, 12 fl oz can",8 x 12 fl oz,4.09,2026-03-25
PURAQUA,"Zero Sugar Strawberry Margarita Sparkling Water - 8 pack, 12 fl oz can",8 x 12 fl oz,4.09,2026-03-25
PURAQUA,Antioxidant + Caffeine Berry Citrus Sparkling Water,12 fl oz,1.35,2026-03-25
PURAQUA,"Tri-Berry Flavored Sparkling Water, 12 fl oz",12 fl oz,1.35,2026-03-25
PURAQUA,"Tropical Mixed Fruit Flavored Sparkling Water, 12 fl oz",12 fl oz,1.35,2026-03-25
PURAQUA,"Berry Cherry Flavored Probiotic Water, 18 fl oz",18 fl oz,1.85,2026-03-25
PURAQUA,"Blueberry Lemonade Flavored Probiotic Water, 18 fl oz",18 fl oz,1.85,2026-03-25
PURAQUA,"Strawberry Lemonade Flavored Probiotic Water, 18 fl oz",18 fl oz,1.85,2026-03-25
SIMPLY NATURE,"Organic Coconut Water, 16.9 fl oz",,2.19,2026-03-25
BARISSIMO,"German Roasted Medium Ground Coffee, 17.6 oz",17.6 Oz,9.35,2026-03-25
BARISSIMO,"German Dark Roasted Ground Coffee, 17.6 oz",17.6 Oz,9.35,2026-03-25
PRIME,"Blue Freeze Hydration Drink, 16.9 fl oz",16.9 fl oz,2.15,2026-03-25
BENNER,"Sparkling Lemonade Frost Plus Tea, 17 fl oz",17 fl oz,1.05,2026-03-25
BENNER,"Raspberry Flavored Sparkling Frost Plus Tea, 17 fl oz",17 fl oz,1.05,2026-03-25
BENNER,"Blackberry Flavored Sparkling Frost Plus Tea, 17 fl oz",17 fl oz,1.05,2026-03-25
ALANI NU,"Orange Kiss Flavored Energy Drink, 12 fl oz",12 fl oz,2.55,2026-03-25
PRIME,"Future Freeze Hydration Drink, 16.9 fl oz bottle",16.9 fl oz,2.15,2026-03-25
WATERLOO,"Raspberry Nectarine Flavored Sparkling Water - 8 Pack, 12 fl oz can",8 x 12 fl oz,4.59,2026-03-25
BARISSIMO,"Donut Store Blend Medium Roast Coffee Cups, 36 count",36 ct,12.39,2026-03-25
PURAQUA,"Zero Sugar White Peach Flavored Electrolyte Drink Mix Sticks, 6 count",2.75 oz,3.55,2026-03-25
PURAQUA,"Zero Sugar Raspberry Melon Flavored Electrolyte Drink Mix Sticks, 6 count",2.75 oz,3.55,2026-03-25
PURAQUA,"Zero Sugar Grape Flavored Electrolyte Drink Mix Sticks, 6 count",2.75 oz,3.55,2026-03-25
CELSIUS,"Cherry Cola Sparkling Energy Drink, 12 fl oz",12 fl oz,2.15,2026-03-25
GATORADE,"G Zero Glacier Freeze Zero Sugar Sports Drink, 20 fl oz",20 fl oz,2.65,2026-03-25
GATORADE,"Cool Blue Thirst Quencher, 20 fl oz bottle",20 fl oz,2.65,2026-03-25
GATORADE,"Thirst Quencher Fruit Punch, 20 fl oz bottle",20 fl oz,2.65,2026-03-25
GATORADE,"Lemon Lime Thirst Quencher, 20 fl oz bottle",20 fl oz,2.65,2026-03-25
BARISSIMO,"Organic Cold Brew Medium Roast Coffee, 48 fl oz",48 fl oz,4.95,2026-03-25
PURAQUA,"Red White Blue - Coconut Hydration Sticks, 6 count",1.5 oz,4.19,2026-03-25
PURAQUA,"Blue Raspberry - Coconut Hydration Sticks, 6 count",1.5 oz,4.19,2026-03-25
PURAQUA,"Cherry - Coconut Hydration Sticks, 6 count",1.5 oz,4.19,2026-03-25
POPPI,"Doc Pop Probiotic Soda, 12 fl oz",12 fl oz,2.09,2026-03-25
POPPI,"Orange Cream Prebiotic Soda, 12 fl oz",12 fl oz,2.09,2026-03-25
POPPI,"Cherry Cola Probiotic Soda, 12 fl oz",12 fl oz,2.09,2026-03-25
POPPI,"Wild Berry Prebiotic Soda, 12 fl oz",12 fl oz,2.09,2026-03-25
WATERLOO,Tropical Fruit,8 x 12 fl oz,4.59,2026-03-25
PURAQUA,Sparkling Water with Grapefruit Juice 8 pack,8 x 12 fl oz,3.85,2026-03-25
PURAQUA,Sparkling Water with Lemon Juice 8 pack,8 x 12 fl oz,3.85,2026-03-25
PURAQUA,Sparkling Water with Raspberry Lime Juice 8 pack,8 x 12 fl oz,3.85,2026-03-25
CELSIUS,"Retro Vibe Sparkling Energy Drink, 12 fl oz",12 fl oz,2.15,2026-03-25
SUMMIT,"Gridlock Sunrise Energy Drink, 16 fl oz can",16 fl oz,1.45,2026-03-25
SUMMIT,"Regular Energy Drink, 16 fl oz Can",16 fl oz,1.45,2026-03-25
SUMMIT,"Ultra White Energy Drink, 16 fl oz Can",16 fl oz,1.45,2026-03-25
PURAQUA,"Iced Tea with Lemon Drink Mix, 6 count",6 ct,2.55,2026-03-25
BENNER,"Black Tea Bags, 100 count",100 count,2.19,2026-03-25
BENNER,"Family Sized Iced Tea Bags, 24 count",24 count,2.19,2026-03-25
BENNER,"Chamomile Herbal Tea Bags, 20 count",20 count,1.45,2026-03-25
BENNER,"Ginger Turmeric Herbal Tea Bags, 20 count",20 count,1.45,2026-03-25
BENNER,"Peppermint Herbal Tea Bags, 20 count",20 count,1.45,2026-03-25
BENNER,"Green Tea Bags, 20 count",20 count,1.75,2026-03-25
BENNER,"Pomegranate Flavor Green Tea Bags, 20 count",20 count,1.75,2026-03-25
BENNER,"Lemon & Ginseng Flavor Green Tea Bags, 20 count",20 count,1.75,2026-03-25
BENNER,"Decaf Black Tea Bags, 20 count",20 count,1.45,2026-03-25
BENNER,"Chai Black Tea Bags, 20 count",20 count,1.45,2026-03-25
BENNER,"Decaf Black Tea Bags, 20 count",20 count,1.45,2026-03-25
SUMMIT,"Mandarin Orange Soda - 4 pack, 12 fl oz",4 x 12 fl oz,2.55,2026-03-25
SUMMIT,"Pineapple Flavored Soda - 4 pack, 12 fl oz bottle",4 x 12 fl oz,2.55,2026-03-25
PURAQUA,"Orange Flavored Electrolyte Drink, 20 fl oz",20 fl oz,1.35,2026-03-25
PURAQUA,"Strawberry Kiwi Flavored Electrolyte Drink, 20 fl oz",20 fl oz,1.35,2026-03-25
PURAQUA,"Cherry Lime Flavored Electrolyte Drink, 20 fl oz",20 fl oz,1.35,2026-03-25
SUMMIT,Zero Sugar Cola 12pk,12 x 12 fl oz,4.69,2026-03-25
SUMMIT,Popz Watermelon Lime Probiotic Soda,12 fl oz,1.65,2026-03-25
SUMMIT,Popz Tropical Probiotic Soda,12 fl oz,1.65,2026-03-25
SUMMIT,Popz Probiotic Soda Strawberry,12 fl oz,1.65,2026-03-25
SUMMIT,Zero Sugar Kiwi & Guava Waves Energy Drink,12 fl oz,1.35,2026-03-25
SUMMIT,Orange Waves,12 fl oz,1.35,2026-03-25
SUMMIT,Zero Sugar Watermelon Waves Energy Drink,12 fl oz,1.35,2026-03-25
RED BULL,Sea Blue Edition,12 fl oz,3.15,2026-03-25
RED BULL,Red Edition,12 fl oz,3.15,2026-03-25
SUMMIT,Zero Sugar Strawberry Watermelon Prebiotic Energy Drink,12 fl oz,1.65,2026-03-25
SUMMIT,Zero Sugar Raspberry Lemon Prebiotic Energy Drink,12 fl oz,1.65,2026-03-25
SUMMIT,Zero Sugar Peach Mango Prebiotic Energy Drink,12 fl oz,1.65,2026-03-25
SUMMIT,Zero Sugar Cherry Lime Prebiotic Energy Drink,12 fl oz,1.65,2026-03-25
SUMMIT,Zero Sugar Tropical Prebiotic Energy Drink,12 fl oz,1.65,2026-03-25
VITALIFE,Cherry Lime Zero Sugar Kombucha,16 fl oz,2.19,2026-03-25
VITALIFE,Pineapple Pink Guava Zero Sugar Kombucha,16 fl oz,2.19,2026-03-25
PURAQUA,"Strawberry Watermelon Flavored Electrolyte Sparkling Water - 4 pack, 12 fl oz can",4 x 12 fl oz,2.55,2026-03-25
PURAQUA,"Lime Mint Flavored Electrolyte Sparkling Water - 4 pack, 12 fl oz can",4 x 12 fl oz,2.55,2026-03-25
PURAQUA,"Triple Berry Flavored Electrolyte Sparkling Water - 4 pack, 12 fl oz can",4 x 12 fl oz,2.55,2026-03-25
ELEVATION,Chocolate Plant Protein Powder,18 oz,17.99,2026-03-25
ELEVATION,Vanilla Plant Protein Powder,18 oz,17.99,2026-03-25
ELEVATION,"Chocolate Flavored Ultra Filtered Milkshake – 4 Pack, 11.5 fl oz",46 fl oz,8.79,2026-03-25
ELEVATION,"Vanilla Flavored Ultra Filtered Milkshake – 4 Pack, 11.5 fl oz",46 fl oz,8.79,2026-03-25
SUMMIT,Peach Waves Peach Energy Drink,30 fl oz,3.29,2026-03-25
SUMMIT,Tropical Waves Pineapple & Starfruit Energy Drink,30 fl oz,3.29,2026-03-25
SUMMIT,Berry Waves Blue Raspberry Energy Drink,30 fl oz,3.29,2026-03-25
SIMPLY NATURE,"Organic Coconut Milk, 1 L",,2.99,2026-03-25
REAL COCO,"Organic Coconut Water, 1 L",,4.29,2026-03-25
PURAQUA,"Fizzer Guava Berry Flavored Sparkling Water, 12 fl oz",12 fl oz,1.35,2026-03-25
PURAQUA,"Fizzer Pineapple Passionfruit Flavored Sparkling Water, 12 fl oz",12 fl oz,1.35,2026-03-25
PURAQUA,"Fizzer Peach Strawberry Flavored Sparkling Water, 12 fl oz",12 fl oz,1.35,2026-03-25
NATURE'S NATURE,"Organic Pressed Coconut Water, 16.9 fl oz",,2.19,2026-03-25
LA CROIX,"Razz-Cranberry Sparkling Water, 12 Cans",12 x 12 fl oz,6.29,2026-03-25
SUMMIT,"Popz Berry Blast Flavored Prebiotic Soda, 12 fl oz",12 fl oz,1.65,2026-03-25
SUMMIT,"Popz Orange Mandarin Flavored Prebiotic Soda, 12 fl oz",12 fl oz,1.65,2026-03-25
SUMMIT,"Popz Passionfruit Guava Flavored Prebiotic Soda, 12 fl oz",12 fl oz,1.65,2026-03-25
PURAQUA,Water 40pk,676 fl oz,4.39,2026-03-25
WATERLOO,Grape,8 x 12 fl oz,4.17,2026-03-25
CELSIUS,Sparkling Mango Lemonade,12 fl oz,2.15,2026-03-25
BARISSIMO,Adventure Ground Coffee,12 oz,7.15,2026-03-25
THE RYL CO,"Iced Tea with Benefits, Peach",16 fl oz,1.99,2026-03-25
THE RYL CO,"Iced Tea with Benefits, Raspberry",16 fl oz,1.99,2026-03-25
THE RYL CO,"Iced Tea with Benefits, Half and Half",16 fl oz,1.99,2026-03-25
THE RYL CO,"Iced Tea with Benefits, Watermelon",16 fl oz,1.99,2026-03-25
SUMMIT,Orange Prebiotic Energy Drink,12 fl oz,1.65,2026-03-25
ICE MOUNTAIN,Natural Spring Water,24 x 16.9 fl oz,5.49,2026-03-25
MILLVILLE,"Crispy Rice Cereal, 12 oz",12 oz,2.29,2026-03-25
MILLVILLE,"Honey Graham Squares, 12 oz",12 oz,2.45,2026-03-25
FIT & ACTIVE,"Vitality Cereal Vanilla Almond, 12.4 oz",12.4 oz,2.99,2026-03-25
ELEVATION,"Double Chocolate Protein Meal Bars, 6 count",6 ct,5.05,2026-03-25
SIMPLY NATURE,"Organic Oats and Flax Instant Oatmeal Packets, 8 count",11.29 oz,2.95,2026-03-25
MILLVILLE,"Quick Oats, 42 oz",42 oz,4.39,2026-03-25
ELEVATION,"Strawberry Protein Meal Bars, 6 Bars",6 ct,5.05,2026-03-25
SIMPLY NATURE,"Organic Pumpkin Seed & Flax Granola Cereal, 11.5 oz",11.5 oz,3.25,2026-03-25
MILLVILLE,"Honey Crunch 'n Oats with Almonds Cereal, 18 oz",18 oz,3.09,2026-03-25
MILLVILLE,"Crispy Oats Cereal, 12 oz",12 oz,2.09,2026-03-25
MILLVILLE,"Traditional Steel Cut Oats Canister, 30 oz",30 oz,3.29,2026-03-25
MILLVILLE,"Cherry Fruit and Grain Cereal Bars, 8 count",8 ct,1.95,2026-03-25
MILLVILLE,"Bran Flakes, 18 oz",18 oz,3.29,2026-03-25
MILLVILLE,"Family Size Frosted Flakes, 26.8 oz",26.8 oz,3.85,2026-03-25
SIMPLY NATURE,"Organic Coconut Chia Granola Cereal, 12.3 oz",12.3 oz,3.25,2026-03-25
MILLVILLE,"Whole Grain Oats, Almonds and Honey Crunchy Granola, 14 oz",14 oz,3.59,2026-03-25
MILLVILLE,"Peanut Sweet and Salty Nut Granola Bars, 6 count",6 ct,2.19,2026-03-25
MILLVILLE,"Maple and Brown Sugar Instant Oatmeal, 10 count",15.1 oz,2.15,2026-03-25
MILLVILLE,"Quick Cook Steel Cut Oats Canister, 25 oz",25 oz,3.29,2026-03-25
MILLVILLE,"Almond Sweet and Salty Nut Granola Bars, 6 count",6 ct,2.19,2026-03-25
ELEVATION,"Apple Pie Pure and Simple Fruit and Nut Bars, 5 count",5 ct,4.39,2026-03-25
MILLVILLE,"Strawberry Fruit & Grain Cereal Bars, 8 count",8 ct,1.95,2026-03-25
FIT & ACTIVE,"Vitality Cereal with Red Berries, 11.2 oz",11.2 oz,2.99,2026-03-25
MILLVILLE,"Fruit Rounds Cereal, 12.2 oz",12.2 oz,2.05,2026-03-25
MILLVILLE,"Oats 'n Honey Protein Crunchy Granola, 11 oz",11 oz,2.99,2026-03-25
MILLVILLE,"Fruit and Nut Trail Mix Chewy Granola Bars, 6 count",,2.09,2026-03-25
MILLVILLE,"Peanut Butter Crunchy Granola Bar 2 packs, 6 count",6 ct,2.49,2026-03-25
ELEVATION,"Peanut Butter Cookie Pure and Simple Fruit and Nut Bars, 5 count",5 ct,4.39,2026-03-25
MILLVILLE,"Corn Flakes Cereal, 18 oz",18 oz,2.45,2026-03-25
SIMPLY NATURE,"Organic Oats & Honey Granola, 12 oz",12 oz,4.75,2026-03-25
SIMPLY NATURE,"Organic Cinnamon Raisin Granola, 12 oz",12 oz,4.75,2026-03-25
MILLVILLE,"Oats 'n Dark Chocolate Protein Crunchy Granola, 11 oz",11 oz,2.99,2026-03-25
MILLVILLE,"Cranberries and Almonds Protein Crunchy Granola, 11 oz",11 oz,2.99,2026-03-25
MILLVILLE,"Peanut Butter Chewy Dipped Granola Bars, 6 count",6 ct,1.89,2026-03-25
MILLVILLE,"Raspberry Fruit and Grain Cereal Bars, 8 count",8 ct,1.95,2026-03-25
SIMPLY NATURE,"Organic Apple Cinnamon Instant Oatmeal Packets, 8 count",11.29 oz,2.95,2026-03-25
MILLVILLE,"Honey Crunch 'n Oats Original Cereal, 18 oz",,3.09,2026-03-25
ELEVATION,"Chocolate Peanut Butter Protein Meal Bars, 6 count",6 ct,5.05,2026-03-25
MILLVILLE,"Marshmallow and Stars Cereal, 11.5 oz",11.5 oz,2.15,2026-03-25
MILLVILLE,"Variety Pack Instant Oatmeal, 10 count",13.5 oz,2.15,2026-03-25
MILLVILLE,"Mixed Berry Fruit and Grain Cereal Bars, 8 count",8 ct,1.95,2026-03-25
MILLVILLE,"Old Fashioned Rolled Oats, 42 oz",42 oz,4.39,2026-03-25
MILLVILLE,"Frosted Bite Size Shredded Wheat, 18 oz",18 oz,1.85,2026-03-25
MILLVILLE,"Blueberry Frosted Shredded Wheat Cereal, 16 oz",16 oz,2.19,2026-03-25
MILLVILLE,"Crunchy Granola Raisin Bran Crunch, 18.2 oz",18.2 oz,2.55,2026-03-25
MILLVILLE,"Cocoa Peanut Butter Puffs Cereal, 13 oz",13 oz,2.15,2026-03-25
MILLVILLE,"Apple Cinnamon Fruit and Grain Cereal Bars, 8 count",8 ct,1.95,2026-03-25
MILLVILLE,"Chocolate Fudge Toaster Tarts, 12 count",,2.45,2026-03-25
MILLVILLE,"Berry Kids Krunch Cereal, 13 oz",13 oz,2.75,2026-03-25
ELEVATION,"Caramel Double Chocolate Crunch Advance Snack Bars, 5 count",5 ct,5.95,2026-03-25
MILLVILLE,"Strawberry Frosted Shredded Wheat Cereal, 16.3 oz",16.3 oz,2.19,2026-03-25
MILLVILLE,"Dark Chocolate Sea Salt Super Foods Gluten Free Granola, 11 oz",11 oz,4.09,2026-03-25
MILLVILLE,"Cinnamon Granola Crunch, 16 oz",16 oz,4.39,2026-03-25
MILLVILLE,"Oats and Honey Granola Crunch, 16 oz",16 oz,4.39,2026-03-25
MILLVILLE,"Peanut Butter Chocolate Chip Chewy Granola Bars, 10 count",10 ct,2.39,2026-03-25
MILLVILLE,"Kids Fruit and Grain Apple Cinnamon Mini Bars, 10 count",10 ct,4.29,2026-03-25
ELEVATION,"Chocolate Peanut Butter Maxx Bar, 4 count",7.3 oz,5.49,2026-03-25
MILLVILLE,"Kids Fruit and Grain Strawberry Mini Bars, 10 count",10 ct,4.29,2026-03-25
MILLVILLE,"Sweet & Salty Nut Peanut, Almond & Dark Chocolate Chunk Bars, 6 count",6 ct.,2.19,2026-03-25
ELEVATION,"Dark Chocolate Sea Salt Maxx Bar, 4 count",7.3 oz,5.49,2026-03-25
MILLVILLE,"Cinnamon Toaster Tarts, 12 count",,2.45,2026-03-25
ELEVATION,"Caramel Nut Roll Bar, 5 count",5 ct,5.95,2026-03-25
MILLVILLE,"Chewy Chocolate Chip Granola Bars, 10 count",10 ct,2.39,2026-03-25
ELEVATION,"Blueberry Maxx Bars, 4 Bars",7.3 oz,5.49,2026-03-25
MILLVILLE,"Sweet & Salty Nut Cashew Granola Bars, 6 count",6 ct.,2.19,2026-03-25
ELEVATION,"Cookies 'N Cream Protein Bar, 4 count",2.05 oz,3.85,2026-03-25
MILLVILLE,"Chocolate Chip Chewy Dipped Granola Bars, 6 count",6 ct,1.89,2026-03-25
MILLVILLE,"Sweet and Salty Nut Chocolatey Pretzel and Almond Granola Bars, 6 count",6 ct,2.19,2026-03-25
ELEVATION,"Chocolate Peanut Butter Advance Meal Bars, 5 count",5 ct,6.59,2026-03-25
MILLVILLE,"Whole Grain Oats, Raisins, Almonds and Honey Crunchy Granola, 14 oz",14 oz,3.59,2026-03-25
MILLVILLE,"Mixed Berry Greek Yogurt Protein Chewy Granola Bars, 5 count",5 ct,3.95,2026-03-25
ELEVATION,"Gluten Free Cookie Dough Protein Energy Bars, 6 count",6 ct,5.49,2026-03-25
GENERAL MILLS,"Honey Nut Cheerios, 15.4 oz",15.4 oz,4.05,2026-03-25
MILLVILLE,"Dark Chocolate Peanut Butter Protein Chewy Granola Bars, 5 count",6 ct,2.75,2026-03-25
GENERAL MILLS,"Cinnamon Toast Crunch, 16.8 oz",16.8 oz,4.89,2026-03-25
ELEVATION,"Chocolate Peanut Butter High Protein Bars, 6 count",6 ct,7.15,2026-03-25
MILLVILLE,"Strawberry Greek Yogurt Protein Chewy Granola Bars, 5 count",5 ct,3.95,2026-03-25
ELEVATION,"Caramel Chocolate Peanut Nougat Advance Snack Bars, 5 count",5 ct,5.95,2026-03-25
MILLVILLE,"Family Size Honey Nut Crispy Oats, 19.5 oz",19.5 oz,3.29,2026-03-25
ELEVATION,"Gluten Free Yogurt Honey Peanut Protein Energy Bars, 6 count",6 ct,5.49,2026-03-25
MILLVILLE,"Raisin Bran Cereal, 16.6 oz",16.6 oz,2.39,2026-03-25
MILLVILLE,"Peanut, Dark Chocolate & Almond Protein Chewy Granola Bars, 5 count",,2.75,2026-03-25
MILLVILLE,"Dark Chocolate Peanut Butter Protein Chewy Granola Bars, 5 count",5 ct.,2.75,2026-03-25
SIMPLY NATURE,"Organic Chocolate Chip Chewy Granola Bars, 8 count",8 ct,4.19,2026-03-25
MILLVILLE,"Cinnamon Crunch Squares, 19.3 oz",19.3 oz,3.19,2026-03-25
ELEVATION,"Chocolate Mint High Protein Bars, 6 count",6 ct,7.15,2026-03-25
MILLVILLE,"Oats 'n Honey Crunchy Granola Bar- 2 packs, 6 count",6 ct,2.49,2026-03-25
MILLVILLE,"Peanut, Dark Chocolate & Almond Protein Chewy Granola Bars, 5 count",6 ct,2.75,2026-03-25
BREKKI,"Vanilla Cinnamon Ready to Eat Oats, 5.3 oz",5.3 oz,2.15,2026-03-25
ELEVATION,"Chocolate Chip Granola Advance Meal Bars, 5 count",5 ct,6.59,2026-03-25
MILLVILLE,"Blueberry Pastry Crisps, 6 count",6 ct,2.55,2026-03-25
MILLVILLE,"Chocolate Pastry Crisps, 6 count",6 ct,2.55,2026-03-25
MILLVILLE,"Strawberry Pastry Crisps, 6 count",,2.55,2026-03-25
SIMPLY NATURE,"Organic Maple Brown Sugar Instant Oatmeal, 8 count",11.29 oz,2.95,2026-03-25
POST,"Fruity Pebbles Cereal, 15 oz",15 oz.,4.49,2026-03-25
POST,Cocoa Pebbles Cereal,15 oz.,4.49,2026-03-25
BREKKI,"Dark Chocolate Ready to Eat Oats, 5.3 oz",5.3 oz,2.15,2026-03-25
MILLVILLE,"Fruit & Cream Oatmeal Variety Pack, 8 count",10.5 oz,2.15,2026-03-25
MILLVILLE,"Variety Pack Instant Oatmeal, 10 count",15.1 oz,1.99,2026-03-25
BUILT BARS,"Brownie Batter Protein Bars, 4 count",5.64 oz,9.69,2026-03-25
ELEVATION,"Gluten Free Golden Vanilla Cream Protein Bar, 4 count",2.05 oz,3.85,2026-03-25
ELEVATION,"Lemon Mini High Protein Bars, 10 count",12 oz,8.25,2026-03-25
MILLVILLE,"Fiber Now 70 Calorie Lemon Flavored Bars, 6 count",,2.59,2026-03-25
MILLVILLE,"Fiber Now 70 Calorie Chocolate Fudge Flavored Bars, 6 count",,2.59,2026-03-25
MILLVILLE,"Fiber Now 70 Calorie Cinnamon Coffee Cake Flavored Bars, 6 count",,2.59,2026-03-25
PARK STREET DELI,"Gluten Free Peanut Butter Bar, 2.5 oz",2.29 oz,2.09,2026-03-25
PARK STREET DELI,"Gluten Free Dark Chocolate Chip Peanut Butter Bar, 2.3 oz",2.5 oz,2.09,2026-03-25
PARK STREET DELI,"Gluten Free Coconut Peanut Butter Bar, 2.5 oz",2.5 oz,2.09,2026-03-25
PARK STREET DELI,"Gluten Free Salted Caramel Bar, 2.2 oz",2.29 oz,2.09,2026-03-25
MILLVILLE,Gluten Free Coconut Cacao Superfood Granola,11 oz,4.09,2026-03-25
MILLVILLE,"Gluten Free Raisin & Almond Honey Flavored Granola, 12 oz",12 oz,4.09,2026-03-25
MILLVILLE,"Gluten Free Cranberry Cashew Honey Granola, 12 oz",12 oz,4.09,2026-03-25
MILLVILLE,"Gluten Free Apple & Almond Honey Granola, 12 oz",12 oz,4.09,2026-03-25
BREKKI,"Cold Brew Coffee Ready to Eat Oats, 5.3 oz",5.3 oz,2.15,2026-03-25
SIMPLY NATURE,"Chocolate Chip Granola Bites, 4.25 oz",4.25 oz,3.45,2026-03-25
SIMPLY NATURE,"Strawberry Granola Bites, 12 oz",4.25 oz,3.45,2026-03-25
ELEVATION,"Dark Chocolate Peanut Butter Nut Bars, 6 count",8.47 oz,4.75,2026-03-25
ELEVATION,"Dark Chocolate Nuts and Sea Salt Nut Bars, 6 count",8.47 oz,4.75,2026-03-25
ELEVATION,"Dark Chocolate Cashew Cherry Nut Bars, 6 count",8.47 oz,4.75,2026-03-25
ELEVATION,"Blueberry Greek Yogurt, 5 count",5 ct,6.59,2026-03-25
KELLOGG'S,"Family Size Froot Loops Cereal, 16.6 oz",16.6 oz,5.49,2026-03-25
MILLVILLE,"Strawberry Toaster Tarts, 12 count",,2.45,2026-03-25
MILLVILLE,"Blueberry Fruit & Grain Bars, 8 count",8 ct,1.95,2026-03-25
BUILT BARS,"Cookie Dough Chunk Protein Bars, 4 count",6.2 oz,9.69,2026-03-25
ELEVATION,"Chocolate Chip Flavored Energy Bars, 5 count",12 oz,5.05,2026-03-25
ELEVATION,"Crunchy Peanut Butter Flavored Energy Bars, 5 count",12 oz,5.05,2026-03-25
ELEVATION,"White Chocolate Macadamia Nut Flavored Energy Bar, 5 count",12 oz,5.05,2026-03-25
MILLVILLE,Kookies Cereal,10.6 oz,2.15,2026-03-25
MILLVILLE,Cocoa Peanut Butter Puffs Cereal,11.5 oz,2.15,2026-03-25
FRIENDLY FARMS,"Plain Whole Milk Greek Yogurt, 32 oz",32 oz,3.85,2026-03-25
FRIENDLY FARMS,"Nonfat Plain Greek Yogurt, 32 oz",32 oz,3.09,2026-03-25
HAPPY FARMS,"Swiss Almond Spreadable Cheese Cup, 12.9 oz",12.9 oz,2.05,2026-03-25
EMPORIUM SELECTION,"Sharp Cheddar Cheese Spread, 6.5 oz",6.5 oz,2.75,2026-03-25
EMPORIUM SELECTION,"Garlic & Herb Gourmet Spreadable Cheese, 6.5 oz",6.5 oz,2.75,2026-03-25
EMPORIUM SELECTION,"Peppercorn Parmesan Cheese Spread, 6.5 oz",6.5 oz,2.75,2026-03-25
FRIENDLY FARMS,"Nonfat Vanilla Yogurt, 32 oz",32 oz,2.85,2026-03-25
FRIENDLY FARMS,"Low-fat Strawberry Yogurt, 6 oz",6 oz,0.59,2026-03-25
FRIENDLY FARMS,"Nonfat Plain Yogurt, 32 oz",32 oz,2.85,2026-03-25
SIMPLY NATURE,"Organic Salted Butter, 16 oz",16 oz.,6.85,2026-03-25
EMPORIUM SELECTION,"Asiago Cheese Wedge, 8 oz",8 oz,4.85,2026-03-25
EARTH GROWN,"Vegan Mozzarella Style Shreds, 8 oz",8 oz,4.35,2026-03-25
EMPORIUM SELECTION,"Traditional Feta Cheese Block, 8 oz",8 oz,3.85,2026-03-25
EMPORIUM SELECTION,"Specialty Shredded Gouda Cheese, 8 oz",8 oz,2.99,2026-03-25
SIMPLY NATURE,"Organic Whole Milk, 64 fl oz",64 fl oz,4.25,2026-03-25
EMPORIUM SELECTION,"Fresh Mozzarella Pre-Sliced Log, 8 oz",8 oz,3.65,2026-03-25
GOLDHEN,"Cage Free Large Eggs - Grade A, 1 dozen",12 ct,3.19,2026-03-25
SIMPLY NATURE,"Organic Original Unsweetened Almondmilk, 64 fl oz",64 fl oz,4.09,2026-03-25
EMPORIUM SELECTION,"Aged Reserve White Cheddar Cheese, 10 oz",10 oz,2.49,2026-03-25
SIMPLY NATURE,"Organic Whole Omega-3 Milk, 64 fl oz",64 fl oz,4.85,2026-03-25
BARISSIMO,"Sugar Free French Vanilla Coffee Creamer, 32 fl oz",32 fl oz,3.05,2026-03-25
BARISSIMO,"Mocha Iced Coffee, 64 fl oz",64 fl oz,4.29,2026-03-25
FRIENDLY FARMS,"Vanilla Almondmilk, 64 fl oz",64 fl oz,2.55,2026-03-25
COUNTRYSIDE CREAMERY,"Spreadable Irish Butter with Canola Oil, 7.5 oz",7.5 oz,4.19,2026-03-25
EMPORIUM SELECTION,"Plain Havarti Cheese, 8 oz",8 oz,3.29,2026-03-25
REGGANO,"Grated Parmesan and Romano Cheese, 8 oz",8 oz,2.45,2026-03-25
HAPPY FARMS,"Shredded Mild Cheddar Cheese, 16 oz",16 oz,3.65,2026-03-25
HAPPY FARMS,"Deli Sliced Medium Cheddar Cheese, 8 oz",8 oz,1.65,2026-03-25
SPECIALLY SELECTED,"Honey Vanilla Indulgent Greek Yogurt, 32 oz",32 oz,3.85,2026-03-25
GOLDHEN,"Free Range Large Brown Grade A Eggs, 12 count",12 ct,4.25,2026-03-25
BARISSIMO,"Sugar Free Hazelnut Coffee Creamer, 32 fl oz",32 fl oz,3.05,2026-03-25
SIMPLY NATURE,"Organic Whole Milk Plain Yogurt, 32 oz",32 oz,4.39,2026-03-25
SIMPLY NATURE,"Organic Whole Milk Vanilla Yogurt, 32 oz",32 oz,4.39,2026-03-25
FRIENDLY FARMS,"Whipped Dairy Topping, 13 oz",13 oz,2.75,2026-03-25
HAPPY FARMS,"Sharp Cheddar Spreadable Cheese with Almonds, 6 oz",10 oz,1.29,2026-03-25
SIMPLY NATURE,"Original Organic Soymilk, 64 fl oz",64 fl oz,3.85,2026-03-25
FRIENDLY FARMS,"Lowfat Cherry Yogurt, 6 oz",6 oz,0.59,2026-03-25
FRIENDLY FARMS,"Lowfat Blueberry Yogurt, 6 oz",6 oz,0.59,2026-03-25
FRIENDLY FARMS,"Lowfat Raspberry Yogurt, 6 oz",6 oz,0.59,2026-03-25
HAPPY FARMS,"Mozzarella Cheese Block, 8 oz",8 oz,1.89,2026-03-25
EMPORIUM SELECTION,"Fresh Mozzarella Ball, 8 oz",8 oz,3.65,2026-03-25
FRIENDLY FARMS,"Fat Free Half & Half, 32 fl oz",32 fl oz,2.75,2026-03-25
FRIENDLY FARMS,"Half & Half Creamer, 32 fl oz",32 fl oz,2.75,2026-03-25
HAPPY FARMS,"Mild Cheddar Cheese Cubes, 8 oz",8 oz,2.15,2026-03-25
HAPPY FARMS,"Whipped Cream Cheese Spread, 8 oz",8 oz,1.99,2026-03-25
FRIENDLY FARMS,"Low-fat Strawberry Banana Yogurt, 6 oz",6 oz,0.59,2026-03-25
FRIENDLY FARMS,"Lowfat Peach Yogurt, 6 oz",6 oz,0.59,2026-03-25
EMPORIUM SELECTION,"Garlic and Herb Goat Cheese Log, 4 oz",4 oz,2.05,2026-03-25
SPECIALLY SELECTED,"Le Gruyere Cheese, 6 oz",6 oz,6.29,2026-03-25
EMPORIUM SELECTION,"Brie Cheese Round, 8 oz",8 oz,4.19,2026-03-25
HAPPY FARMS,"Wisconsin Extra Sharp Cheddar Cheese Block, 8 oz",8 oz,1.89,2026-03-25
EMPORIUM SELECTION,"Cranberry Cinnamon Flavored Goat Cheese Log, 6 oz",6 oz,3.85,2026-03-25
FRIENDLY FARMS,"Light Sour Cream, 16 oz",16 oz,1.99,2026-03-25
HAPPY FARMS,"2% Milk Reduced Fat American Cheese Singles, 16 count",10.67 oz,2.05,2026-03-25
FRIENDLY FARMS,"2% Lactose Free Milk, 64 fl oz",64 fl oz,3.29,2026-03-25
FRIENDLY FARMS,"1% Milk, 64 fl oz",0.5 gal,1.49,2026-03-25
EMPORIUM SELECTION,"Horseradish Cheddar Cheese Spread, 6.5 oz",6.5 oz,2.75,2026-03-25
HAPPY FARMS,"Sharp Cheddar Cheese Block, 8 oz",8 oz,1.89,2026-03-25
HAPPY FARMS,"Deli Sliced Mild Cheddar Cheese, 8 oz",8 oz,1.65,2026-03-25
HAPPY FARMS,"Deli Sliced Pepper Jack Cheese, 7.5 oz",7.5 oz,1.65,2026-03-25
HAPPY FARMS,"Deli Sliced Muenster Cheese, 8 oz",8 oz,1.65,2026-03-25
HAPPY FARMS,"Deli Sliced Swiss Cheese, 7 oz",7 oz,1.65,2026-03-25
HAPPY FARMS,"Deli Sliced Provolone Cheese, 8 oz",8 oz,1.65,2026-03-25
FRIENDLY FARMS,"2% Milk, 64 fl oz",0.5 gal,1.49,2026-03-25
FRIENDLY FARMS,"2% Milk, 1 gal",1 gal,2.49,2026-03-25
HAPPY FARMS,"Mozzarella String Cheese, 12 count",12 oz,3.45,2026-03-25
EMPORIUM SELECTION,"Original Crumbled Goat Cheese, 4 oz",4 oz,3.55,2026-03-25
EMPORIUM SELECTION,"Blue Cheese Crumbles, 5 oz",5 oz,3.29,2026-03-25
HAPPY FARMS,"Pepper Jack Cheese Block, 8 oz",8 oz,1.89,2026-03-25
HAPPY FARMS,"Swiss Cheese Singles, 16 count",12 oz,2.45,2026-03-25
EMPORIUM SELECTION,"Feta Cheese Crumbles, 4 oz",4 oz,2.09,2026-03-25
HAPPY FARMS,"Shredded 2% Milk Reduced Fat Mexican Style Cheese Blend, 11 oz",11 oz,2.99,2026-03-25
REGGANO,"Grated Parmesan Cheese, 8 oz",8 oz,2.45,2026-03-25
EMPORIUM SELECTION,"Shredded Parmesan Cheese, 5 oz",5 oz,3.09,2026-03-25
COUNTRYSIDE CREAMERY,"Salted Butter Sticks, 1 lb",16 oz,3.55,2026-03-25
COUNTRYSIDE CREAMERY,"Homestyle Spread, 45 oz",45 oz,5.19,2026-03-25
COUNTRYSIDE CREAMERY,"Tastes Like Butter Vegetable Oil Spread, 15 oz",15 oz,3.25,2026-03-25
BARISSIMO,"Italian Sweet Cream Coffee Creamer, 32 fl oz",32 fl oz,3.05,2026-03-25
EMPORIUM SELECTION,"Dill Havarti Cheese, 8 oz",8 oz,3.29,2026-03-25
BARISSIMO,"Hazelnut Coffee Creamer, 32 fl oz",32 fl oz,3.05,2026-03-25
FRIENDLY FARMS,"Low Fat Small Curd Cottage Cheese, 24 oz",24 oz,3.15,2026-03-25
HAPPY FARMS,"Shredded Taco Style Cheese, 12 oz",12 oz,2.99,2026-03-25
EMPORIUM SELECTION,"Plain Goat Cheese Log, 4 oz",4 oz,2.05,2026-03-25
EMPORIUM SELECTION,"Honey Goat Cheese Log, 4 oz",4 oz,2.05,2026-03-25
HAPPY FARMS,"Deli Sliced Sharp Cheddar Cheese, 8 oz",8 oz,1.65,2026-03-25
HAPPY FARMS,"Strawberry Soft Spread Cream Cheese, 8 oz",8 oz,1.99,2026-03-25
HAPPY FARMS,"Port Wine Spreadable Cheese with Almond, 6 oz",10 oz,1.29,2026-03-25
EMPORIUM SELECTION,"Cranberry White Cheddar Cheese, 8 oz",8 oz,3.09,2026-03-25
PUEBLO LINDO,"Grated Cotija Cheese, 1 lb",16 oz,3.85,2026-03-25
PUEBLO LINDO,"Shredded Mexican Style Quesadilla Cheese, 1 lb",16 oz,3.85,2026-03-25
HAPPY FARMS,"Swiss Cheese Block, 8 oz",8 oz,1.89,2026-03-25
EMPORIUM SELECTION,"Deli Sliced Havarti Cheese, 10 count",7 oz,1.65,2026-03-25
FRIENDLY FARMS,"Whole Milk, 1 gal",1 gal,2.49,2026-03-25
GOLDHEN,"Grade A Large White Eggs, 1 dozen",12 ct,1.85,2026-03-25
HAPPY FARMS,"Port Wine Spreadable Cheese Cup, 11.7 oz",14 oz,2.05,2026-03-25
FRIENDLY FARMS,"1% Milk, 1 gal",1 gal,2.49,2026-03-25
FRIENDLY FARMS,"Skim Milk, 64 fl oz",0.5 gal,1.49,2026-03-25
HAPPY FARMS,"Plain Soft Spread Cream Cheese, 8 oz",8 oz,1.99,2026-03-25
HAPPY FARMS,"Colby Jack Cheese Cubes, 8 oz",8 oz,2.15,2026-03-25
HAPPY FARMS,"Deli Sliced Mozzarella Cheese, 8 oz",8 oz,1.65,2026-03-25
EMPORIUM SELECTION,"Deli Sliced Gouda Cheese, 10 count",7 oz,1.65,2026-03-25
HAPPY FARMS,"Shredded Sharp Cheddar Cheese, 12 oz",12 oz,2.69,2026-03-25
HAPPY FARMS,"Shredded Colby Jack Cheese, 12 oz",12 oz,2.99,2026-03-25
HAPPY FARMS,"Monterey Jack Cheese Block, 8 oz",8 oz,1.89,2026-03-25
HAPPY FARMS,"Colby Jack Cheese Block, 8 oz",8 oz,1.89,2026-03-25
HAPPY FARMS,"Mild Cheddar Cheese Block, 8 oz",8 oz,1.89,2026-03-25
BAKER'S CORNER,"Evaporated Milk, 12 fl oz",12 fl oz,1.09,2026-03-25
HAPPY FARMS,"Deli Sliced Colby Jack Cheese, 7.5 oz",7.5 oz,1.65,2026-03-25
EMPORIUM SELECTION,"Parmesan Cheese Wedge, 8 oz",8 oz,4.85,2026-03-25
FRIENDLY FARMS,"Whole Milk, 0.5 gal",0.5 gal,1.49,2026-03-25
FRIENDLY FARMS,"Low Fat Chocolate Milk, 64 fl oz",0.5 gal,1.69,2026-03-25
PUEBLO LINDO,"Queso Fresco Cheese, 10 oz",10 oz,2.95,2026-03-25
BAKER'S CORNER,"Sweetened Condensed Milk, 14 oz",14 oz,2.15,2026-03-25
HAPPY FARMS,"Sharp Cheddar Spreadable Cheese Cup, 11.7 oz",14 oz,2.05,2026-03-25
COUNTRYSIDE CREAMERY,"Unsalted Butter Sticks, 1 lb",16 oz,3.55,2026-03-25
CLANCY'S,"Cheese Melt, 32 oz",32 oz,4.95,2026-03-25
HAPPY FARMS,"Shredded Mexican Cheese, 12 oz",12 oz,2.99,2026-03-25
HAPPY FARMS,"Cream Cheese, 8 oz",8 oz,1.65,2026-03-25
HAPPY FARMS,"Shredded Mozzarella Cheese, 16 oz",16 oz,3.65,2026-03-25
HAPPY FARMS,"Neufchatel Cheese, 8 oz",8 oz,1.65,2026-03-25
SAVORITZ,"Regular Small Curd Cottage Cheese, 24 oz",24 oz,3.15,2026-03-25
FRIENDLY FARMS,"Sour Cream, 16 oz",16 oz,1.99,2026-03-25
SIMPLY NATURE,"Organic Original Unsweetened Almondmilk, 64 fl oz",64 fl oz,3.75,2026-03-25
FRIENDLY FARMS,"Lactose Free Whole Milk, 64 fl oz",64 fl oz,3.29,2026-03-25
CASA MAMITA,"Salsa Con Queso, 15 oz",15 oz,2.45,2026-03-25
HAPPY FARMS,"American Cheese Singles, 16 count",12 oz,2.05,2026-03-25
HAPPY FARMS,"Shredded 2% Milk Reduced Fat Sharp Cheddar Cheese, 11 oz",11 oz,2.99,2026-03-25
HAPPY FARMS,"Light Mozzarella String Cheese, 10 oz",10 oz,3.45,2026-03-25
EMPORIUM SELECTION,"Jalapeño Havarti Cheese, 8 oz",8 oz,3.29,2026-03-25
FRIENDLY FARMS,"Nonfat Vanilla Blended Greek Yogurt, 32 oz",32 oz,3.09,2026-03-25
FRIENDLY FARMS,"Vanilla Unsweetened Almondmilk, 64 fl oz",64 fl oz,2.55,2026-03-25
BARISSIMO,"Original Coffee Creamer, 16 oz",16 oz,3.75,2026-03-25
FRIENDLY FARMS,"Original Almondmilk, 64 fl oz",64 fl oz,2.55,2026-03-25
HAPPY FARMS,"Shredded Italian Blend Cheese, 12 oz",12 oz,2.99,2026-03-25
EMPORIUM SELECTION,"Feta Traditional Cheese, 8 oz",8 oz,3.85,2026-03-25
SIMPLY NATURE,"Shredded Organic Mexican Cheese Blend, 6 oz",6 oz,3.09,2026-03-25
FRIENDLY FARMS,"Original Coconutmilk, 64 fl oz",64 fl oz,4.05,2026-03-25
FRIENDLY FARMS,"Original Unsweetened Almondmilk, 64 fl oz",64 fl oz,2.55,2026-03-25
EMPORIUM SELECTION,"Blueberry Vanilla Flavored Goat Cheese Log, 6 oz",6 oz,3.85,2026-03-25
COUNTRYSIDE CREAMERY,"Spreadable Butter with Canola Oil, 15 oz",15 oz,4.25,2026-03-25
HAPPY FARMS,"Colby Jack Cheese Snack Sticks, 9 oz",9 oz,2.75,2026-03-25
EMPORIUM SELECTION,"Borgonzola Soft Cheese, 9 oz",9 oz,3.99,2026-03-25
COUNTRYSIDE CREAMERY,"Spreadable Butter Light, 15 oz",15 oz,4.25,2026-03-25
EMPORIUM SELECTION,"Camembert Soft Cheese, 7 oz",7 oz,3.99,2026-03-25
HAPPY FARMS,"Onion and Chive Soft Spread Cream Cheese, 8 oz",8 oz,1.99,2026-03-25
SIMPLY NATURE,"Organic Cage Free Brown Eggs, 1 dozen",12 ct,4.69,2026-03-25
SIMPLY NATURE,"Organic Whole Milk Plain Greek Yogurt, 32 oz",32 oz,6.95,2026-03-25
SIMPLY NATURE,"Organic Whole Milk Vanilla Bean Greek Yogurt, 32 oz",32 oz,6.95,2026-03-25
SIMPLY NATURE,"Organic 2% Milk, 64 fl oz",64 fl oz,4.25,2026-03-25
BARISSIMO,"Caramel Macchiato Coffee Creamer, 32 fl oz",32 fl oz,3.05,2026-03-25
EMPORIUM SELECTION,"Specialty Shredded Swiss and Gruyere Cheese, 8 oz",8 oz,2.99,2026-03-25
EMPORIUM SELECTION,"Smoked Gouda Round & Cheddar Cheese, 8 oz",8 oz,3.75,2026-03-25
EMPORIUM SELECTION,"Tomato and Basil Feta Cheese Block, 8 oz",8 oz,3.85,2026-03-25
EARTH GROWN,"Vegan Cheddar Style Shreds, 8 oz",8 oz,4.35,2026-03-25
FRIENDLY FARMS,"Heavy Whipping Cream, 32 fl oz",32 fl oz,5.39,2026-03-25
EMPORIUM SELECTION,"You're Cajun Me Crazy Cajun Spice Cheddar Cheese, 4 oz",4 oz,2.75,2026-03-25
FRIENDLY FARMS,"Mixed Berry Protein Blended Nonfat Greek Yogurt Cups, 4 count",4 x 5.3 oz,4.09,2026-03-25
HAPPY FARMS,"Mild Cheddar Cheese Snack Sticks, 9 oz",9 oz,2.75,2026-03-25
BARISSIMO,"Hazelnut Dry Coffee Creamer, 15 oz",15 oz,3.75,2026-03-25
FRIENDLY FARMS,"Original Oatmilk, 64 fl oz",64 fl oz,4.39,2026-03-25
FRIENDLY FARMS,"Lactose Free 2% Reduced Fat Ultra Filtered Milk, 59 fl oz",59 fl oz,4.39,2026-03-25
FRIENDLY FARMS,"Pumpkin Spice Whipped Dairy Topping, 13 oz",13 oz,3.09,2026-03-25
FRIENDLY FARMS,"Vanilla Protein Blended Nonfat Greek Yogurt Cups, 4 count",4 x 5.3 oz,4.09,2026-03-25
EMPORIUM SELECTION,"Grass Fed Cheddar Cheese, 7 oz",7 oz,3.95,2026-03-25
EMPORIUM SELECTION,"Applewood Smoked Gouda Cheese, 8 oz",8 oz,4.69,2026-03-25
YOCRUNCH,"Oreo and M&M Yogurt Multipack, 8 count",8 x 6 oz,8.15,2026-03-25
EMPORIUM SELECTION,"Cheddar Parmesan Cheese, 7 oz",7 oz,3.95,2026-03-25
SIMPLY NATURE,"Organic White Mild Cheddar Cheese Slices, 6 oz",6 oz,3.25,2026-03-25
FRIENDLY FARMS,"Maple Vanilla Whipped Dairy Topping, 13 oz",13 oz,3.09,2026-03-25
BARISSIMO,"French Vanilla Dry Coffee Creamer, 15 oz",15 oz,3.75,2026-03-25
HAPPY FARMS,"Deluxe American Cheese Slices, 24 count",24 ct,4.35,2026-03-25
COUNTRYSIDE CREAMERY,"Pure Irish Butter, 8 oz",8 oz,4.39,2026-03-25
GOLDHEN,"Liquid Egg Whites, 32 oz",32 oz,5.29,2026-03-25
GOYA,"Coconut Milk, 13.5 fl oz",13.5 fl oz,2.55,2026-03-25
BOURSIN,"Shallot & Chive Gournay Cheese, 5.2 oz",5.3 oz,6.05,2026-03-25
BOURSIN,"Garlic & Fine Herb Gournay Cheese, 5.2 oz",5.3 oz,6.05,2026-03-25
BARISSIMO,"Sugar Free French Vanilla Dry Coffee Creamer, 10.2 oz",10.2 oz,3.75,2026-03-25
HAPPY FARMS,"Specialty Party Cheese Tray, 13.7 oz",13.7 oz,4.39,2026-03-25
EMPORIUM SELECTION,"Gluten Free Halloumi Style Cheese Sticks, 8 oz",8 oz,3.19,2026-03-25
KRAFT,"American Cheese Singles, 24 count",16 oz,5.15,2026-03-25
EMPORIUM SELECTION,"Gouda Cheese Wedge, 7 oz",7 oz,3.09,2026-03-25
GOLDHEN,"Pasture Raised Large Brown Eggs Grade A, 12 count",12 ct,4.35,2026-03-25
EMPORIUM SELECTION,"Applewood Smoked Gruyere Cheese, 8 oz",8 oz,4.69,2026-03-25
EMPORIUM SELECTION,"Some Like it Hatch Hatch Pepper Cheddar Cheese, 4 oz",4 oz,2.75,2026-03-25
IMPERIAL,"Vegetable Oil Sticks, 1 lb",16 oz,1.39,2026-03-25
HAPPY FARMS,"Triple Cheddar Shredded Cheese, 12 oz",12 oz,2.99,2026-03-25
EMPORIUM SELECTION,"Smoked Gouda Cheese Wedge, 7 oz",7 oz,3.09,2026-03-25
EMPORIUM SELECTION,"Applewood Smoked Cheddar Cheese, 8 oz",8 oz,4.69,2026-03-25
FRIENDLY FARMS,"Toasted Coconut Vanilla Whole Milk Greek Yogurt, 4 count",4 x 5.3 oz,2.95,2026-03-25
EMPORIUM SELECTION,"But First Coffee Lavender and Espresso Cheddar Cheese, 4 oz",4 oz,2.75,2026-03-25
FRIENDLY FARMS,"Moo Tubes Cotton Candy and Melonberry Lowfat Yogurt, 8 count",8 x 2 oz,2.05,2026-03-25
V&V SUPREMO,"Shredded Queso Chihuahua Quesadilla Cheese, 2 lb",32 oz,12.05,2026-03-25
HAPPY FARMS,"Pepper Jack Shredded Cheese, 12 oz",12 oz,2.99,2026-03-25
DANNON,"Strawberry Smoothies, 6 count",18.6 fl oz,3.75,2026-03-25
NESTLE,"Media Crema Table Cream, 7.6 fl oz",7.6 fl oz,2.59,2026-03-25
EMPORIUM SELECTION,"Edam Cheese Wedge, 7 oz",7 oz,3.09,2026-03-25
BABYBEL,"Original Mini Cheese, 6 count",4.2 oz,4.05,2026-03-25
EMPORIUM SELECTION,"Double Crème Brie Cheese, 7 oz",7 oz,3.99,2026-03-25
FRIENDLY FARMS,"Whole Milk Key Lime Greek Yogurt, 4 count",4 x 5.3 oz,2.95,2026-03-25
EMPORIUM SELECTION,"Cheddar Gruyere Cheese, 7 oz",7 oz,3.95,2026-03-25
HAPPY FARMS,"Cajun Cheese Curds, 12 oz",12 oz,4.75,2026-03-25
HAPPY FARMS,"Party Cheese Tray, 16 oz",16 oz,4.39,2026-03-25
FRIENDLY FARMS,2% Chocolate Ultra-Filtered Milk,59 fl oz,4.39,2026-03-25
FRIENDLY FARMS,"Moo Tubes Strawberry and Blueberry Lowfat Yogurt, 8 count",8 x 2 oz,2.05,2026-03-25
HAPPY FARMS,"White Cheddar Cheese Curds, 12 oz",12 oz,4.75,2026-03-25
EMPORIUM SELECTION,"Honey I'd Rather Bee at the Sea Sea Salt Honey Cheddar Cheese, 4 oz",4 oz,2.75,2026-03-25
HAPPY FARMS,"Garlic Cheese Curds, 12 oz",12 oz,4.75,2026-03-25
ALDI,"Smoked Provolone Grab & Go Deli Sliced Cheese, 8 oz",8 oz,4.35,2026-03-25
ALDI,"Lacey Swiss Deli Slices, 8 oz",8 oz,4.35,2026-03-25
GORDO'S,"Original White Queso Dip, 16 oz",16 oz,5.39,2026-03-25
FRIENDLY FARMS,"Low Sugar Vanilla Greek Yogurt, 32 oz",32 oz,5.49,2026-03-25
FRIENDLY FARMS,"Low Sugar Plain Greek Yogurt, 32 oz",32 oz,5.49,2026-03-25
EMPORIUM SELECTION,"Double Smoked Cheddar Cheese, 7 oz",7 oz,3.95,2026-03-25
BARISSIMO,"Delightfully Pure Sweet Cream Coffee Creamer, 32 fl oz",32 fl oz,4.29,2026-03-25
BARISSIMO,"Delightfully Pure Vanilla Coffee Creamer, 32 fl oz",32 fl oz,4.29,2026-03-25
BARISSIMO,"Delightfully Pure Hazelnut Coffee Creamer, 32 fl oz",32 fl oz,4.29,2026-03-25
BARISSIMO,"Non Dairy Caramel Almondmilk Creamer, 32 fl oz",32 fl oz,3.85,2026-03-25
BARISSIMO,"Non Dairy Vanilla Almondmilk Creamer, 32 fl oz",32 fl oz,3.85,2026-03-25
SARTORI,"MontAmore Smooth & Creamy Cheddar Cheese, 7 oz",7 oz,4.19,2026-03-25
SARTORI,"Farmhouse Extra Sharp & Rich Cheddar Cheese, 7 oz",7 oz,4.19,2026-03-25
SIMPLY NATURE,"Organic Half & Half, 32 fl oz",32 fl oz,5.05,2026-03-25
CABOT,"Seriously Sharp White Cheddar, 8 oz",8 oz,3.09,2026-03-25
EMPORIUM SELECTION,"Wensleydale with Raspberry & White Chocolate Cheese, 5.3 oz",5.3 oz,3.99,2026-03-25
SPECIALLY SELECTED,"Lustenberger 1862 - Fruity & Tangy Cheese, 7 oz",7 oz,6.29,2026-03-25
SPECIALLY SELECTED,"Honey Indulgent Greek Yogurt, 32 oz",32 oz,3.85,2026-03-25
EMPORIUM SELECTION,"Aged English Cheddar Creamy Cheese, 5.3 oz",5.3 oz,3.99,2026-03-25
EMPORIUM SELECTION,"Wensleydale with Lemon & Honey Cheese, 5.3 oz",5.3 oz,3.99,2026-03-25
SIMPLY NATURE,"Organic String Cheese, 8 oz",8 oz,4.75,2026-03-25
FRIENDLY FARMS,"Nonfat Strawberry Greek Yogurt, 32 oz",32 oz,3.09,2026-03-25
FRIENDLY FARMS,Nonfat Raspberry on the Bottom Greek Yogurt - 4 count,4 x 5.3 oz,2.95,2026-03-25
FRIENDLY FARMS,100 Calorie Blueberry Greek Yogurt - 4 count,4 x 5.3 oz,2.95,2026-03-25
FRIENDLY FARMS,"Low Sugar Vanilla Greek Yogurt, 4 count",4 x 5.3 oz,4.09,2026-03-25
FRIENDLY FARMS,"Low Sugar Strawberry Greek Yogurt, 4 count",4 x 5.3 oz,4.09,2026-03-25
FRIENDLY FARMS,Nonfat Black Cherry on the Bottom Greek Yogurt - 4 count,4 x 5.3 oz,2.95,2026-03-25
FRIENDLY FARMS,100 Calorie Strawberry Greek Yogurt - 4 count,4 x 5.3 oz,2.95,2026-03-25
FRIENDLY FARMS,"Almond Non Dairy Whipped Topping, 6.5 oz",6.5 oz,3.55,2026-03-25
FRIENDLY FARMS,"Coconut Non Dairy Whipped Topping, 6.5 oz",6.5 oz,3.55,2026-03-25
BARISSIMO,"Sweet Vanilla Barista Cold Foam, 13 fl oz",13 fl oz,3.65,2026-03-25
HAPPY FARMS,"Sharp Cheddar Spreadable Cheese Cup, 11.7 oz",11.7 oz,2.05,2026-03-25
HAPPY FARMS,"Swiss Almond Spreadable Cheese Cup, 12.9 oz",12.9 oz,2.05,2026-03-25
HAPPY FARMS,"Sharp Cheddar Deli Style Cheese Ball, 6 oz",6 oz,1.29,2026-03-25
HAPPY FARMS,"Port Wine Spreadable Cheese Cup, 11.7 oz",11.7 oz,2.05,2026-03-25
HAPPY FARMS,"Port Wine Deli Style Cheese Ball, 6 oz",6 oz,1.29,2026-03-25
SARTORI,"Cherrywood Smoked Cheddar, 5 oz",5 oz,4.19,2026-03-25
HAPPY FARMS,"Original Swiss Spreadable Cheese Wedges, 6 oz",5.4 oz,2.85,2026-03-25
HAPPY FARMS,"Garlic & Herb Spreadable Cheese Wedges, 6 oz",5.4 oz,2.85,2026-03-25
BARISSIMO,"Non Dairy Oatmeal Cookie Coffee Creamer, 32 fl oz",32 fl oz,3.85,2026-03-25
BARISSIMO,"Non Dairy Vanilla Coffee Creamers, 32 fl oz",32 fl oz,3.85,2026-03-25
FRIENDLY FARMS,"Non-Fat Strawberry Greek Yogurt, 4 count",4 x 5.3 oz,2.95,2026-03-25
FRIENDLY FARMS,"Mixed Berry Blended Non-Fat Greek Yogurt, 4 count",4 x 5.3 oz,2.95,2026-03-25
FRIENDLY FARMS,"Tropical Fruit Blended Non-Fat Greek Yogurt, 4 count",4 x 5.3 oz,2.95,2026-03-25
FRIENDLY FARMS,Blueberry Non-Fat Greek Yogurt 4 pack,4 x 5.3 oz,2.95,2026-03-25
FRIENDLY FARMS,"Extra Creamy Whipped Dairy Topping, 13 oz",13 oz,2.75,2026-03-25
COUNTRYSIDE CREAMERY,"Spreadable Butter with Olive Oil & Sea Salt, 15 oz",15 oz,4.25,2026-03-25
EMPORIUM SELECTION,"Spicy Gouda Cheese, 7 oz",7 oz,4.69,2026-03-25
EMPORIUM SELECTION,"Smoked Cheddar Slice Cheese, 8 oz",8 oz,2.45,2026-03-25
SPECIALLY SELECTED,"1000 Day Aged Gouda Cheese, 5.3 oz",5.3 oz,4.75,2026-03-25
EMPORIUM SELECTION,"Smoked Gouda Slice Cheese, 8 oz",8 oz,2.45,2026-03-25
SPECIALLY SELECTED,"Shaved Parmigiano Reggiano Cheese, 5 oz",5 oz,4.85,2026-03-25
SPECIALLY SELECTED,"Grated Parmigiano Reggiano Cheese, 5 oz",5 oz,4.85,2026-03-25
SPECIALLY SELECTED,"Parmigiano Reggiano Wedge Cheese, 5.3 oz",5.3 oz,4.85,2026-03-25
SPECIALLY SELECTED,"Traditional Burrata Cheese, 8 oz",8 oz,5.15,2026-03-25
FRIENDLY FARMS,"Plain Kefir Unsweetened Low Fat Milk , 32 fl oz bottle",32 oz,3.29,2026-03-25
FRIENDLY FARMS,"Kefir Strawberry Flavored Low Fat Milk, 32 fl oz bottle",32 oz,3.29,2026-03-25
FRIENDLY FARMS,"Kefir Blueberry Flavored Low Fat Milk, 32 fl oz bottle",32 oz,3.29,2026-03-25
BARISSIMO,"Caramel Macchiato Flavored Cold Foam, 13 oz",13 fl oz,3.65,2026-03-25
PILLARS,"Peach Drinkable Greek Yogurt, 12 fl oz",12 fl oz,2.99,2026-03-25
PILLARS,"Mixed Berry Drinkable Greek Yogurt, 12 fl oz",12 fl oz,2.99,2026-03-25
DEAN'S,"Creamy French Onion Dip, 16 oz",16 oz,2.85,2026-03-25
SPECIALLY SELECTED,"Aged Yellow Cheddar Cheese, 7 oz",7 oz,4.75,2026-03-25
HAPPY FARMS,"Spicy Pepper Spreadable Cheese Wedges, 6 oz",5.4 oz,2.85,2026-03-25
SARTORI,"Sriracha Cheddar Cheese, 5 oz",5 oz,4.19,2026-03-25
EMPORIUM SELECTION,"Smoked Gouda Cheese with Peppers, 8 oz",8 oz,3.75,2026-03-25
FRIENDLY FARMS,"Strawberry Banana Flavored Drinkable Greek Yogurt, 7 fl oz",7 fl oz,1.65,2026-03-25
FRIENDLY FARMS,"Mixed Berry Flavored Drinkable Greek Yogurt, 7 fl oz",7 fl oz,1.65,2026-03-25
HAPPY FARMS,"Extra Sharp New York Cheddar Cheese Cubes, 8 oz",8 oz,3.29,2026-03-25
HAPPY FARMS,"Gouda Cheese Cubes, 8 oz",8 oz,3.29,2026-03-25
HAPPY FARMS,"Gouda Cheese Snack Sticks, 12 count",9 oz,3.19,2026-03-25
HAPPY FARMS,"Habanero Jack Cheese Snack Sticks, 12 count",9 oz,3.19,2026-03-25
HAPPY FARMS,"Extra Sharp Yellow Cheddar Cracker Cuts Slices, 30 count",10 oz,3.09,2026-03-25
HAPPY FARMS,"Gouda Cracker Cuts Cheese Slices, 30 count",10 oz,3.09,2026-03-25
SPECIALLY SELECTED,"Triple Creme Brie, 5 oz",5 oz,2.19,2026-03-25
SPECIALLY SELECTED,"Pavé, 5 oz",5 oz,2.19,2026-03-25
PARK STREET DELI,"Garden Vegetable Cream Cheese Dip with Pretzels, 2.25 oz",2.25 oz,1.75,2026-03-25
PARK STREET DELI,"Strawberry Cream Cheese Dip with Crackers, 2.25 oz",2.25 oz,1.75,2026-03-25
PARK STREET DELI,"Jalapeno Cream Cheese Dip with Pretzels, 2.25 oz",2.25 oz,1.75,2026-03-25
BARISSIMO,"Cinnamon Roll Coffee Creamer, 32 fl oz",32 fl oz,3.05,2026-03-25
BARISSIMO,"Coconut Creme Coffee Creamer, 32 fl oz",32 fl oz,3.05,2026-03-25
SPECIALLY SELECTED,"Purple Moon Cheddar Cheese, 6 oz",6 oz,2.19,2026-03-25
SPECIALLY SELECTED,"Imperial Stout Craft Beer Cheddar Cheese, 6 oz",6 oz,2.19,2026-03-25
SPECIALLY SELECTED,"Espresso Martini Cheddar Cheese, 6 oz",6 oz,2.19,2026-03-25
SIMPLY NATURE,"Kids Organic Whole Milk, 59 fl oz",59 fl oz,5.49,2026-03-25
FRIENDLY FARMS,"Whole Milk Ricotta Cheese, 15 oz",15 oz,2.95,2026-03-25
FRIENDLY FARMS,"Part Skim Ricotta Cheese, 15 oz",15 oz,2.95,2026-03-25
FRIENDLY FARMS,"Fat Free Plain Greek Yogurt, 32 oz",32 oz,5.45,2026-03-25
FRIENDLY FARMS,"Fat Free Vanilla Flavor Greek Yogurt, 32 oz",32 oz,5.45,2026-03-25
HAPPY FARMS,"Mixed Berry Cream Cheese, 8 oz",8 oz,1.99,2026-03-25
HAPPY FARMS,"Jalapeno Cream Cheese, 8 oz",8 oz,1.99,2026-03-25
HAPPY FARMS,Garden Vegetable Cream Cheese,8 oz,1.99,2026-03-25
HAPPY FARMS,Gouda Cheese Block,8 oz,1.89,2026-03-25
HAPPY FARMS,Thick Cut Triple Cheddar Shredded Cheese,11 oz,2.65,2026-03-25
HAPPY FARMS,Thick Cut Mozzarella Shredded Cheese,11 oz,2.65,2026-03-25
BARISSIMO,"White Chocolate Barista Cold Foam, 13 oz",13 oz,1.19,2026-03-25
BARISSIMO,"Pumpkin Spice Barista Cold Foam, 13 oz",13 oz,1.19,2026-03-25
APPLETON FARMS,"Spiral Sliced Ham, per lb",9 lb,19.71,2026-03-25
APPLETON FARMS,"Boneless Spiral Sliced Ham, per lb",3.74 lb,14.77,2026-03-25
APPLETON FARMS,Uncured Honey Quarter Boneless Sliced Ham,2.1 lb,9.43,2026-03-25
PARK STREET DELI,"Roasted Red Pepper Topped Hummus, 10 oz",10 oz,2.85,2026-03-25
PARK STREET DELI,"Spicy Hummus, 10 oz",10 oz,2.85,2026-03-25
PARK STREET DELI,"Olive Tapenade Hummus, 10 oz",10 oz,2.85,2026-03-25
PARK STREET DELI,"Spinach Parmesan Tzatziki Dip, 10 oz",10 oz,3.29,2026-03-25
PARK STREET DELI,"Cucumber Dill Tzatziki Dip, 10 oz",10 oz,3.29,2026-03-25
PARK STREET DELI,"Classic Hummus Single Serve Mini Cups, 6 pack",12 oz,3.85,2026-03-25
PARKVIEW,"Uncured Beef Franks, 15 oz",15 oz,4.95,2026-03-25
PARK STREET DELI,"Classic Single Guacamole - 6 Mini Cups, 12 oz",12 oz,4.39,2026-03-25
PARK STREET DELI,"Red Pepper Hummus Single Serve Mini Cups, 6 count",12 oz,3.85,2026-03-25
PARK STREET DELI,"Cranberry Almond Chicken Salad Mini Cups, 4 pack",12 oz,5.39,2026-03-25
PARK STREET DELI,"Cranberry Almond Chicken Salad, 16 oz",16 oz,6.05,2026-03-25
PARK STREET DELI,"Jubilee Assortment Olives, 7 oz",7 oz,2.85,2026-03-25
LUNCH MATE,"Family Size Smoked Ham, 16 oz",16 oz,6.29,2026-03-25
LUNCH MATE,"Honey Ham, 16 oz",16 oz,6.29,2026-03-25
LUNCH MATE,"Family Size Roast Beef, 14 oz",14 oz,6.29,2026-03-25
LUNCH MATE,"Family Size Rotisserie Chicken Breast, 1 lb",16 oz,6.29,2026-03-25
LUNCH MATE,"Family Size Lower Sodium Smoked Honey Ham in Lunch Meat Tub, 15 oz",15 oz,6.29,2026-03-25
PRIANO,"Herb Chicken Tortelloni, 20 oz",20 oz,6.59,2026-03-25
PARK STREET DELI,"Classic Chicken Salad, 16 oz",16 oz,6.05,2026-03-25
PARK STREET DELI,"Classic Hummus, 10 oz",10 oz,2.85,2026-03-25
PARK STREET DELI,"Garlic Topped Hummus, 10 oz",10 oz,2.85,2026-03-25
SIMMS,"Sliced Hard Salami, 16 oz",16 oz,5.49,2026-03-25
SIMPLY NATURE,"Organic Red Pepper Hummus, 8 oz",8 oz,2.85,2026-03-25
SPECIALLY SELECTED,"Cold Smoked Atlantic Salmon, 3 oz",3 oz,4.29,2026-03-25
SIMPLY NATURE,"Organic Classic Hummus, 8 oz",8 oz,2.85,2026-03-25
PRIANO,"Salame Italiano, 3 oz",3 oz,3.55,2026-03-25
APPLETON FARMS,"Original Italian Dry Sliced Salami, 16 oz",16 oz,9.35,2026-03-25
PRIANO,"Classic Five Cheese Ravioli, 9 oz",9 oz,3.65,2026-03-25
PARK STREET DELI,"Black Bean Salad, 10 oz",10 oz,2.55,2026-03-25
APPLETON FARMS,"Spicy Italian Dry Sliced Salami, 16 oz",16 oz,9.35,2026-03-25
APPLETON FARMS,"Fully Cooked Bacon, 2.1 oz",2.1 oz,4.15,2026-03-25
LUNCH MATE,"Oven Roasted Chicken Breast, 1 lb",16 oz,4.59,2026-03-25
LUNCH MATE,"Honey Smoked Turkey Breast & White Turkey, 1 lb",16 oz,4.59,2026-03-25
LUNCH MATE,"Deli Sliced Honey Ham, 1 lb",16 oz,4.59,2026-03-25
PARKVIEW,"Classic Hot Dogs, 12 oz",12 oz,1.09,2026-03-25
PARK STREET DELI,"Spicy Single Guacamole - 6 Mini Cups, 12 oz",12 oz,4.39,2026-03-25
PARK STREET DELI,"Spinach Artichoke Tzatziki Dip, 10 oz",10 oz,3.29,2026-03-25
PARK STREET DELI,"Classic Chicken Salad Mini Cups, 4 pack",12 oz,5.39,2026-03-25
LUNCH MATE,"Hickory Smoked Turkey Breast, 1 lb",16 oz,4.59,2026-03-25
NEVER ANY!,"Hickory Smoked No Sugar Added Uncured Bacon, 12 oz",12 oz,5.29,2026-03-25
LUNCH MATE,"Honey Smoked Turkey Breast, 9 oz",9 oz,3.75,2026-03-25
MAMA COZZI'S PIZZA KITCHEN,"16"" Supreme Deli Pizza, 49.5 oz",49.5 oz,8.79,2026-03-25
LUNCH MATE,"Rotisserie Chicken Breast, 9 oz",9 oz,3.75,2026-03-25
APPLETON FARMS,"Lower Sodium Bacon, 16 oz",16 oz,4.39,2026-03-25
APPLETON FARMS,"Center Cut Bacon, 12 oz",12 oz,4.95,2026-03-25
PARK STREET DELI,"Greek Feta Salad, 7 oz",7 oz,2.85,2026-03-25
PARKVIEW,"Chicago Style Beef Franks, 12 oz",12 oz,6.39,2026-03-25
LUNCH MATE,"Oven Roasted Turkey Breast, 9 oz",9 oz,3.75,2026-03-25
LUNCH MATE,"Uncured Honey Ham, 9 oz",9 oz,3.75,2026-03-25
LUNCH MATE,"Uncured Smoked Ham, 9 oz",9 oz,3.75,2026-03-25
LUNCH MATE,"Mesquite Smoked Turkey Breast, 9 oz",9 oz,3.75,2026-03-25
MAMA COZZI'S PIZZA KITCHEN,"Sliced Pepperoni, 6 oz",6 oz,3.05,2026-03-25
LUNCH MATE,"Family Size Low Sodium Oven Roasted Turkey, 15 oz",15 oz,6.29,2026-03-25
PARK STREET DELI,"Pine Nut Hummus, 10 oz",10 oz,2.85,2026-03-25
APPLETON FARMS,"Spicy Gluten Free Bite Size Salami, 8 oz",8 oz,6.95,2026-03-25
PRIANO,"Tri-Color Tortelloni, 9 oz",9 oz,3.29,2026-03-25
PRIANO,"Mushroom Tortelloni, 8.8 oz",8.8 oz,1.89,2026-03-25
LUNCH MATE,"Oven Roasted Turkey Breast, 1 lb",16 oz,6.29,2026-03-25
APPLETON FARMS,"Hickory Smoked Thick Sliced Bacon, 24 oz",24 oz,7.69,2026-03-25
LUNCH MATE,"Oven Roasted Turkey Breast & White Turkey Cured, 1 lb",16 oz,4.59,2026-03-25
LUNCH MATE,"Hard Salami, 8 oz",8 oz,4.85,2026-03-25
MAMA COZZI'S PIZZA KITCHEN,"16"" Sausage & Pepperoni Deli Pizza, 30.5 oz",30.5 oz,7.95,2026-03-25
MAMA COZZI'S PIZZA KITCHEN,"Sliced Turkey Pepperoni, 5 oz",5 oz,3.19,2026-03-25
TUSCAN GARDEN,"Real Bacon Bits, 2.5 oz",2.5 oz,2.09,2026-03-25
APPLETON FARMS,"Thick Cut Bacon, 16 oz",16 oz,4.39,2026-03-25
LUNCH MATE,"Hickory Smoked Ham, 1 lb",16 oz,4.59,2026-03-25
PRIANO,"Cheese Tortelloni, 8.8 oz",8.8 oz,1.89,2026-03-25
PRIANO,"Prosciutto Italiano, 3 oz",3 oz,3.55,2026-03-25
PRIANO,"Speck Italiano, 3 oz",3 oz,3.55,2026-03-25
APPLETON FARMS,"Thick Cut Maple Bacon, 24 oz",24 oz,7.69,2026-03-25
APPLETON FARMS,"Thick Cut Peppered Bacon, 24 oz",24 oz,7.69,2026-03-25
SIMPLY NATURE,"Organic Garlic Hummus, 8 oz",8 oz,2.85,2026-03-25
SIMMS,"Beef Sausage Snack Sticks, 7 oz",7 oz,4.29,2026-03-25
SIMPLY NATURE,"Organic Smoked Turkey Breast, 6 oz",6 oz,4.69,2026-03-25
SPECIALLY SELECTED,"Sea Salt Caramel Chocolate Chunk Cookie Dough, 16 oz",16 oz,4.39,2026-03-25
PARK STREET DELI,"Chickpea Salad, 8 oz",8 oz,2.55,2026-03-25
MAMA COZZI'S PIZZA KITCHEN,"Calzone Pepperoni, 7 oz",7 oz,2.65,2026-03-25
MAMA COZZI'S PIZZA KITCHEN,"Calzone Four Cheese, 7 oz",7 oz,2.65,2026-03-25
PARK STREET DELI,"BBQ Pulled Chicken, 16 oz",16 oz,6.39,2026-03-25
PARK STREET DELI,"BBQ Pulled Pork, 16 oz",16 oz,6.39,2026-03-25
BAKE HOUSE CREATIONS,"Cinnamon Rolls with Icing, 8 count",8 ct,2.19,2026-03-25
APPLETON FARMS,"Premium Sliced Bacon, 16 oz",16 oz,4.39,2026-03-25
LUNCH MATE,"Black Forest Turkey, 1 lb",16 oz,4.59,2026-03-25
LUNCH MATE,"Bologna, 1 lb",16 oz,1.95,2026-03-25
PRIANO,"Three Cheese Tortelloni, 20 oz",20 oz,6.59,2026-03-25
APPLETON FARMS,"Original Gluten Free Bite Size Dry Salami, 8 oz",8 oz,6.95,2026-03-25
SIMMS,"Turkey Sausage Snack Sticks, 8 oz",8 oz,4.29,2026-03-25
LUNCH MATE,"Black Forest Ham, 1 lb",16 oz,4.59,2026-03-25
BAKE HOUSE CREATIONS,"Jumbo Flaky Biscuits, 16 oz",16 oz,1.89,2026-03-25
BAKE HOUSE CREATIONS,"Jumbo Buttermilk Biscuits, 8 count",16 oz,1.89,2026-03-25
SIMPLY NATURE,"Organic Oven Roasted Turkey Breast, 6 oz",6 oz,4.69,2026-03-25
PRIANO,"Spinach and Mozzarella Ravioli, 9 oz",9 oz,3.65,2026-03-25
MAMA COZZI'S PIZZA KITCHEN,"12"" Uncured Pepperoni Cauliflower Crust Deli Pizza, 17 oz",17 oz,9.15,2026-03-25
MAMA COZZI'S PIZZA KITCHEN,"16"" Mega Meat Deli Pizza, 30.5 oz",30.5 oz,7.95,2026-03-25
LUNCH MATE,"Original Grilled Chicken Strips with Rib Meat, 6 oz",6 oz,2.99,2026-03-25
LUNCH MATE,"Southwestern Grilled Chicken Strips with Rib Meat, 6 oz",6 oz,2.99,2026-03-25
MAMA COZZI'S PIZZA KITCHEN,"12"" Veggie Cauliflower Crust Deli Pizza, 17.6 oz",17.6 oz,9.15,2026-03-25
MAMA COZZI'S PIZZA KITCHEN,"Calzone Philly Cheese Steak, 6 oz",6 oz,2.65,2026-03-25
EARTH GROWN,"Organic Extra Firm Tofu, 14 oz",14 oz,1.75,2026-03-25
L'OVEN FRESH,"Red Pepper Hummus Protein Wraps, 12 oz",12 oz,3.29,2026-03-25
OSCAR MAYER,"Pizza Lunchable, 10.7 oz",10.7 oz,3.19,2026-03-25
PRIANO,"Crab Ravioli, 9 oz",9 oz,3.59,2026-03-25
OSCAR MAYER,"Ham Lunchable, 9.1 oz",9.1 oz,3.19,2026-03-25
PARK STREET DELI,"Spinach Veggie Dip, 14 oz",14 oz,4.39,2026-03-25
PARK STREET DELI,"Thai-Inspired Coconut Chicken, 16 oz",16 oz.,7.05,2026-03-25
PARK STREET DELI,"Chicken Egg Rolls, 13.5 oz",13.5 oz,4.19,2026-03-25
PRIANO,"Spinach and Cheese Manicotti, 19 oz",19 oz.,5.49,2026-03-25
ALDI,"Deli Sliced Genoa Salami, 8 oz",8 oz,3.45,2026-03-25
PARK STREET DELI,"Fully Cooked Pork Burnt Ends in BBQ Sauce, 16 oz",16 oz.,6.15,2026-03-25
SIMPLY NATURE,"Organic Black Forest Ham, 6 oz",6 oz,4.69,2026-03-25
KRAKUS,"Sliced Polish Ham with Natural Juices, 16 oz",16 oz,6.59,2026-03-25
PRIANO,"Lobster Ravioli, 9 oz",9 oz,3.59,2026-03-25
SIMMS,"Thick Cut Pepperoni, 16 oz",16 oz,7.69,2026-03-25
PARK STREET DELI,"Turkey Club Wrap, 8 oz",8 oz,4.39,2026-03-25
PARKVIEW,"Cheddar Brats, 14 oz",14 oz,2.99,2026-03-25
PARK STREET DELI,"Street Corn Dip, 10 oz",10 oz,3.29,2026-03-25
PARK STREET DELI,"Broccoli & Cheddar Hand Stuffed Chicken Breast, 16 oz",16 oz,7.05,2026-03-25
PARK STREET DELI,"Artichoke Spinach & Parmesan Cheese Hand Stuffed Chicken Breast, 16 oz",16 oz,7.05,2026-03-25
PARK STREET DELI,"Pork Egg Rolls, 13.5 oz",13.5 oz,4.19,2026-03-25
PARK STREET DELI,"Cheddar, Cherry Juice-Infused Dried Cranberries & Sea Salt Roasted Cashew Splits, 4.5 oz",4.5 oz,2.85,2026-03-25
PARK STREET DELI,"Mexicali Dip, 10 oz",10 oz,3.29,2026-03-25
PARK STREET DELI,"Prosciutto, Provolone Cheese and Breadsticks, 3 oz",3 oz,2.65,2026-03-25
PARKVIEW,"Turkey Franks, 16 oz",16 oz,2.75,2026-03-25
PARK STREET DELI,"Pork Carnitas, 16 oz",16 oz.,6.59,2026-03-25
ALDI,"Deli Sliced Buffalo Style Chicken Breast, 8 oz",8 oz,3.45,2026-03-25
BOB EVANS,"Original Refrigerated Mashed Potatoes, 24 oz",24 oz,4.19,2026-03-25
NATHAN'S,"Beef Hot Dogs, 12 oz",12 oz,5.39,2026-03-25
OSCAR MAYER,"Turkey Lunchable, 8.9 oz",8.9 oz,3.19,2026-03-25
MAMA COZZI'S PIZZA KITCHEN,"Buffalo Chicken Deli Calzone, 6 oz",6 oz,2.65,2026-03-25
PARK STREET DELI,"Cheddar, Dried Cranberries & Sea Salt Roasted Almonds Snack Pack, 4.5 oz",4.5 oz,2.85,2026-03-25
ALDI,"Deli Sliced Oven Classic Turkey Breast, 8 oz",8 oz,3.45,2026-03-25
ALDI,"Deli Sliced Honey Turkey Breast, 8 oz",8 oz,3.45,2026-03-25
PANERA BREAD,"Broccoli Cheddar Soup, 10 oz",10 oz,3.55,2026-03-25
APPLETON FARMS,"Black Forest Bacon, 12 oz",12 oz,4.85,2026-03-25
PARK STREET DELI,"Italian Wrap, 8.2 oz",8.2 oz,4.39,2026-03-25
PARK STREET DELI,"Pepper Jack, Raisins & Honey Roasted Peanuts, 4.5 oz",4.5 oz,2.85,2026-03-25
ALDI,"Deli Sliced Honey Ham, 8 oz",8 oz,3.45,2026-03-25
L'OVEN FRESH,"Plain Protein Wraps, 12 oz",12 oz,3.29,2026-03-25
PARK STREET DELI,"Genoa Salami, Provolone Cheese and Breadsticks, 3 oz",3 oz,2.65,2026-03-25
OSCAR MAYER,Nachos with Cheese Dip and Salsa Lunchables,10.7 oz,3.19,2026-03-25
PARK STREET DELI,"Chicken Fajita, 16 oz",16 oz.,6.59,2026-03-25
PARK STREET DELI,"Dill Veggie Dip, 14 oz",14 oz,4.39,2026-03-25
ALDI,"Black Forest Ham with Natural Juices, 8 oz",8 oz,3.45,2026-03-25
PARK STREET DELI,"Hawaiian Style Chicken, 16 oz",16 oz.,7.05,2026-03-25
PARK STREET DELI,"Atomic Spicy Pickles, 32 fl oz",32 fl oz,3.75,2026-03-25
PILLSBURY,"Crescent Rolls, 8 count",8 oz,3.29,2026-03-25
PARK STREET DELI,"Pineapple Poblano Fresh Guacamole, 10 oz",10 oz,3.29,2026-03-25
PARK STREET DELI,"Southwest Fresh Guacamole, 10 oz",10 oz,3.29,2026-03-25
ALDI,"Chunky Guacamole, 15 oz",15 oz,4.75,2026-03-25
ALDI,"Classic Guacamole, 15 oz",15 oz,4.75,2026-03-25
ALDI,"Spicy Guacamole, 15 oz",15 oz,4.75,2026-03-25
PRIANO,"Italian Sausage Ravioli, 18 oz",18 oz,6.49,2026-03-25
PRIANO,"Mushroom Ravioli, 18 oz",18 oz,6.49,2026-03-25
PARK STREET DELI,"Mild Cheddar Cheese and Beef Sausage Bites, 4.5 oz",4.5 oz,3.75,2026-03-25
PARK STREET DELI,"Cheddar Cheese and Honey Brown Sugar Turkey Sausage Bites, 4.5 oz",4.5 oz,3.75,2026-03-25
PARK STREET DELI,"Colby Jack Cheese and Turkey Sausage Bites, 4.5 oz",4.5 oz,3.75,2026-03-25
PRIANO,"Hot Genoa & Hot Provolone, 2.5 oz",2.5 oz,3.19,2026-03-25
PRIANO,"Genoa Salami & Provolone, 2.5 oz",2.5 oz,3.19,2026-03-25
PRIANO,"Parma Salami & Smoked Provolone, 2.5 oz",2.5 oz,3.19,2026-03-25
SPECIALLY SELECTED,"Cold Smoked Atlantic Salmon Gravlax, 3 oz",3 oz,3.89,2026-03-25
ALDI,"Rotisserie Style Pulled Chicken, 16 oz",16 oz,7.89,2026-03-25
PILLSBURY,"Ready to Bake Bunny Shaped Cookie Dough, 20 count",9.1 oz,3.86,2026-03-25
PRIANO,"Ricotta Spinach Ravioli, 8.8 oz",8.8 oz,1.89,2026-03-25
MAMA COZZI'S PIZZA KITCHEN,"16"" Pepperoni Deli Pizza, 41 oz",41 oz,7.69,2026-03-25
ALDI,"Italian Trio - Genoa, Pepperoni, Provolone, 18 oz",18 oz,9.35,2026-03-25
ALDI,"Italian Trio - Hot Ham, Pepperoni, Provolone, 18 oz",18 oz,9.35,2026-03-25
MAMA COZZI'S PIZZA KITCHEN,"Pepperoni Pizza Ring with Marinara Dipping Sauce, 11.25 oz",11.25 oz,4.99,2026-03-25
MAMA COZZI'S PIZZA KITCHEN,"Chocolate Chunk Pizza Cookie, 9 oz",9 oz,4.39,2026-03-25
PARK STREET DELI,"Pepperoni Charcuterie Snack, 3 oz",3 oz,2.65,2026-03-25
PARK STREET DELI,"Salami Charcuterie Snack, 3 oz",3 oz,2.65,2026-03-25
PARK STREET DELI,"Antipasti, 7 oz",7 oz,2.85,2026-03-25
PARK STREET DELI,"Dill Pickle Chips, 32 fl oz",32 fl oz,3.75,2026-03-25
PRIANO,"Sausage Tortelloni, 9 oz",9 oz,3.29,2026-03-25
SPECIALLY SELECTED,"Chocolate Chip Cookies, 16 oz",16 oz.,4.39,2026-03-25
CHOMPS,"Original Beef Chomplings Mini Sticks, 6 count",3 oz,7.59,2026-03-25
MAMA COZZI'S PIZZA KITCHEN,"16"" Cheese Deli Pizza, 39.1 oz",39.1 oz,6.59,2026-03-25
PARK STREET DELI,"Chocolate Chip Cannoli Dip, 10 oz",10 oz,3.29,2026-03-25
FREMONT FISH MARKET,"Flake Style Imitation Crab Meat, 16 oz",16 oz,3.85,2026-03-25
ALDI,"Original Potato Salad, 32 oz",32 oz,4.39,2026-03-25
CHOMPS,"Original Turkey Chomplings Mini Sticks, 6 count",3 oz,7.59,2026-03-25
PARK STREET DELI,"Tzatziki with Pretzels, 3.5 oz",3.5 oz,1.45,2026-03-25
PARK STREET DELI,"Original Hummus with Pretzels, 3.5 oz",3.5 oz,1.45,2026-03-25
PARK STREET DELI,"Red Pepper Hummus with Pretzels, 3.5 oz",3.5 oz,1.45,2026-03-25
PARK STREET DELI,"Taboule Salad, 7 oz",7 oz,2.55,2026-03-25
PARK STREET DELI,"Gluten Free-Vegan Guacamole Avocado Verde, 10 oz",10 oz,3.29,2026-03-25
PARK STREET DELI,"Salted Caramel Cannoli Dip, 10 oz",10 oz,3.29,2026-03-25
APPLETON FARMS,"Canadian Bacon, 6 oz",6 oz,3.09,2026-03-25
ALDI,"Deli Sliced Roast Beef, 6 oz",6 OZ,3.45,2026-03-25
PARK STREET DELI,"Spinach Artichoke Dip, 10 oz",10 oz,3.29,2026-03-25
PARK STREET DELI,"Jalapeno Artichoke Dip, 10 oz",10 oz,3.29,2026-03-25
PARK STREET DELI,"Lobster Roll Dip, 10 oz",10 oz,3.29,2026-03-25
PARK STREET DELI,"Crab Rangoon Dip, 10 oz",10 oz,3.29,2026-03-25
FREMONT FISH MARKET,"Leg Style Imitation Crab Meat, 16 oz",16 oz,3.85,2026-03-25
PARK STREET DELI,"Natural Pepper Jack & Colby Cheese with Mini Round Crackers, 3 count",4.5 oz,2.85,2026-03-25
PARK STREET DELI,"Gouda, Sharp Cheddar and Pretzel Snack Selects, 3 count",4.5 oz,2.85,2026-03-25
PARK STREET DELI,"Mild Cheddar Cheese and Cracker Snack Selects, 3 count",4.5 oz,2.85,2026-03-25
APPLETON FARMS,Gourmet Deli Selection,6 oz,6.05,2026-03-25
APPLETON FARMS,"Fajita Chicken Strips, 16 oz",16 oz,5.75,2026-03-25
APPLETON FARMS,"Rotisserie Chicken Strips, 16 oz",16 oz,5.75,2026-03-25
APPLETON FARMS,"Uncured Turkey Bacon, 10 oz",10 oz,3.59,2026-03-25
PARK STREET DELI,"Cranberry Jalapeno Dip, 8 oz",8 oz,3.09,2026-03-25
PARK STREET DELI,"Hot Honey Dip, 8 oz",8 oz,3.09,2026-03-25
PARK STREET DELI,Roasted Red Pepper & Egg White Sous-Vide Egg Bites,9.2 oz,6.59,2026-03-25
SIMMS,Garlic Summer Sausage,14 oz,4.39,2026-03-25
SIMMS,Original Summer Sausage,14 oz,4.39,2026-03-25
PARK STREET DELI,Turkey & Colby Lunchkit,2.9 oz,2.55,2026-03-25
PARK STREET DELI,Ham & Cheddar Lunchkit,2.9 oz,2.55,2026-03-25
APPLETON FARMS,Salami Collection,,6.59,2026-03-25
SIMPLY NATURE,"Organic Grass Fed 85% Lean Ground Beef, 1 lb",1 lb,6.59,2026-03-25
,"Atlantic Salmon Side, per lb",2 lb,15.98,2026-03-25
,"Salmon with Mediterranean Herb, per lb",1 lb,9.99,2026-03-25
,"Black Angus Beef Choice Boneless Top Sirloin Steak, per lb",1.8 lb,19.78,2026-03-25
,"Black Angus Beef Choice Boneless Petite Sirloin Steak, per lb",1.3 lb,12.99,2026-03-25
,"Atlantic Salmon Portions, per lb",1 lb,8.99,2026-03-25
NEVER ANY!,"Antibiotic Free Family Pack Chicken Breasts, per lb",2.07 lb,8.26,2026-03-25
,"Beer Bratwurst, 19 oz",19 oz,4.65,2026-03-25
NEVER ANY!,"Apple Chicken Sausage, 4 count",12 oz,3.29,2026-03-25
APPLETON FARMS,"Premium Pork Sausage Roll, 16 oz",16 oz,3.45,2026-03-25
,"Mild Pork Italian Style Meatballs, 16 oz",16 oz,3.99,2026-03-25
PARKVIEW,"Classic Hot Dogs, 12 oz",12 oz,1.09,2026-03-25
APPLETON FARMS,"Hot Pork Sausage, 16 oz",16 oz,2.89,2026-03-25
APPLETON FARMS,"Italian Style Pork Sausage, 16 oz",16 oz,2.89,2026-03-25
NEVER ANY!,"Spinach Feta Chicken Sausage, 12 oz",12 oz,3.29,2026-03-25
NEVER ANY!,"Mild Italian Chicken Sausage, 12 oz",12 oz,3.29,2026-03-25
NEVER ANY!,"Tomato Basil Chicken Sausage, 4 count",12 oz,3.29,2026-03-25
KIRKWOOD,"93% Lean Ground Turkey, 19.2 oz",19.2 oz,5.19,2026-03-25
PARKVIEW,"Beef Smoked Sausage, 12 oz",12 oz,3.09,2026-03-25
PARKVIEW,"Turkey Polska Kielbasa, 13 oz",13 oz,3.09,2026-03-25
PARKVIEW,"Polska Kielbasa , 14 oz",14 oz,3.09,2026-03-25
,"Ground Mild Italian Sausage, 16 oz",16 oz,3.55,2026-03-25
SPECIALLY SELECTED,"Wild Caught Ahi Tuna, per lb",12 oz,5.35,2026-03-25
,"Mild Italian Sausage Links, 19 oz",19 oz,4.65,2026-03-25
,"Bratwurst, 19 oz",19 oz,4.65,2026-03-25
PARKVIEW,"Cocktail Smokies Smoked Sausage, 14 oz",14 oz,3.15,2026-03-25
,"Maple Breakfast Sausage Links, 12 oz",12 oz,2.39,2026-03-25
KIRKWOOD,"Cracked Pepper Turkey Tenderloin, 30 oz",24 oz,8.79,2026-03-25
,"Hot Italian Sausage Links, 19 oz",19 oz,4.65,2026-03-25
,"Original Breakfast Sausage Links, 12 oz",12 oz,2.39,2026-03-25
KIRKWOOD,"Rotisserie Turkey Tenderloin, 24 oz",24 oz,8.79,2026-03-25
NEVER ANY!,"Ground Lamb, 1 lb",1 lb,6.99,2026-03-25
EARTH GROWN,"Organic Extra Firm Tofu, 14 oz",14 oz,1.75,2026-03-25
BUONA,"Mild Italian Sausage Links, 19 oz",19 oz,5.45,2026-03-25
,Fresh 85% Lean 15% Fat Ground Beef,2.25 lb,13.25,2026-03-25
,"Black Angus Beef Choice Boneless Cubed Steak, per lb",1.4 lb,10.91,2026-03-25
NEVER ANY!,"Antibiotic Free 80% Lean Ground Pork, 16 oz",16 oz,3.55,2026-03-25
SIMPLY NATURE,"Organic Grass Fed 93% Lean Ground Beef, 1 lb",1 lb,8.05,2026-03-25
ROSELAND,"Marinated Pork Loin Filet - Lemon Garlic, per lb",1.8 lb,5.38,2026-03-25
NEVER ANY!,"Antibiotic Free Boneless Skinless Chicken Thighs, per lb",1.4 lb,5.17,2026-03-25
,"Steelhead Trout, per lb",1 lb,10.49,2026-03-25
,"Fresh 93% Lean 7% Fat Ground Beef, per lb",1 lb,7.29,2026-03-25
BUONA,"Hot Italian Sausage Links, 19 oz",19 oz,5.45,2026-03-25
KIRKWOOD,"Thin Sliced Chicken Breasts, per lb",1.4 lb,5.59,2026-03-25
,"Fresh 80% Lean 20% Fat Ground Beef Patties, 4 count",1.33 lb,7.57,2026-03-25
,"Black Angus Beef Choice Boneless Ribeye Steak, per lb",0.925 lb,13.68,2026-03-25
,"Carnitas Seasoned Boneless Pork Shoulder Roast, per lb",2 lb,4.78,2026-03-25
SIMPLY NATURE,Organic Chicken Breast Strips,1.25 lb,9.11,2026-03-25
,"Beef Shaved Steak, 14 oz",14 oz,6.39,2026-03-25
SIMPLY NATURE,"Organic Thin Sliced Chicken Breast Fillets, per lb",1.25 lb,8.11,2026-03-25
,"Thin Sliced Boneless Ribeye Steak, per lb",1.75 lb,19.23,2026-03-25
CATTLEMEN'S RANCH,"Flat Cut Corned Beef Brisket, per lb",3 lb,16.47,2026-03-25
,"Premium Bone-In Pork Shoulder Steak, per lb",2.73 lb,9.8,2026-03-25
,"BBQ Seasoned Boneless Pork Shoulder Roast, per lb",2 lb,4.78,2026-03-25
NEVER ANY!,"Antibiotic Free Chicken Tenderloins, per lb",1 lb,4.99,2026-03-25
SIMPLY NATURE,"Organic Chicken Breasts, per lb",1 lb,5.79,2026-03-25
,"Premium Thin Cut Boneless Center Cut Pork Chops, per lb",1.385 lb,6.36,2026-03-25
,"Premium Pork Boneless Country Style Ribs, per lb",1.9 lb,7.39,2026-03-25
ROSELAND,Teriyaki Marinated Pork Tenderloin,1.25 lb,4.74,2026-03-25
ROSELAND,"Peppercorn Marinated Pork Tenderloin, per lb",1.25 lb,4.74,2026-03-25
PARKVIEW,"Turkey Franks, 16 oz",16 oz,2.75,2026-03-25
,"USDA Choice Black Angus Beef Country Style Ribs, per lb",1.4 lb,13.99,2026-03-25
,"Premium Bone-In Center Cut Pork Chops, per lb",1.6 lb,5.26,2026-03-25
APPLETON FARMS,"Spiral Sliced Ham, per lb",9 lb,19.71,2026-03-25
,"Fresh 73% Lean 27% Fat Ground Beef, per lb",5 lb,21.95,2026-03-25
,"Black Angus Beef Choice Boneless Top Round Steak, per lb",0.9 lb,6.92,2026-03-25
,"Family Pack Chicken Thighs, per lb",5.15 lb,7.98,2026-03-25
,"USDA Choice Black Angus Beef for Carne Picada, per lb",1.47 lb,9.98,2026-03-25
,"Premium Boneless Half Loin Pork Roast, per lb",3.8 lb,7.18,2026-03-25
,"Family Pack Chicken Wings, per lb",4 lb,11.56,2026-03-25
,"Premium Bone-In Assorted Pork Chops, per lb",2.7 lb,6.72,2026-03-25
KIRKWOOD,"Chicken Drumsticks, per lb",2.75 lb,4.92,2026-03-25
,USDA Choice Black Angus Beef Thin Sliced Sirloin Tip Steak for Carne Asada,1.8 lb,15.46,2026-03-25
KIRKWOOD,"Fresh Chicken Breasts, per lb",1.75 lb,5.76,2026-03-25
,"Black Angus Beef Choice Boneless Chuck Roast, per lb",2.4 lb,19.18,2026-03-25
,Jumbo Raw Peeled & Deveined Tail-Off Shrimp,0.75 lb,7.12,2026-03-25
,"Premium Boneless Center Cut Pork Chops, per lb",1.125 lb,4.83,2026-03-25
,"Black Angus Beef Choice Boneless Strip Steak, per lb",0.8 lb,11.03,2026-03-25
ROSELAND,"Italian Marinated Pork Tenderloin, per lb",1.25 lb,4.74,2026-03-25
KIRKWOOD,"Boneless Skinless Chicken Thighs, per lb",1.85 lb,6.64,2026-03-25
,Black Angus Beef Choice Boneless Skirt Steak,1.5 lb,17.99,2026-03-25
KIRKWOOD,"Split Chicken Breasts, per lb",2.7 lb,5.37,2026-03-25
,Premium Bone-In Assorted Thin Cut Pork Chops,3.2 lb,9.57,2026-03-25
,"Fresh 90% Lean 10% Ground Beef Sirloin, per lb",2 lb,13.98,2026-03-25
KIRKWOOD,"Chicken Breast Tenderloins, per lb",2 lb,7.98,2026-03-25
,"Boneless Skinless Chicken Breast Fillets Family Pack, per lb",5 lb,11.45,2026-03-25
KIRKWOOD,"Chicken Thighs, per lb",3.5 lb,8.02,2026-03-25
KIRKWOOD,"Chicken Leg Quarters, per lb",5 lb,5.95,2026-03-25
,"Premium Boneless Pork Tenderloins, 2 pack",2.64 lb,9.48,2026-03-25
PUEBLO LINDO,"Hot Chorizo Picante, 12 oz",12 oz,3.55,2026-03-25
,"Black Angus Beef Choice Boneless Eye of Round Steak, per lb",1 lb,7.99,2026-03-25
TYSON,"Beef Roast Kit with Vegetables, 2.75 lb",2.75 lb,13.75,2026-03-25
,"Black Angus Beef Choice Boneless Stew Meat, per lb",1.5 lb,11.09,2026-03-25
,"Fresh 80% Lean 20% Fat Ground Beef, per lb",2 lb,11.38,2026-03-25
,"Fresh 96% Lean 4% Fat Ground Beef, per lb",1 lb,7.79,2026-03-25
,Black Angus Beef Choice Boneless Bottom Round Roast,3.5 lb,24.12,2026-03-25
,"Bone-In Pork Baby Back Ribs, per lb",3.5 lb,12.92,2026-03-25
ROSELAND,"Marinated Pork Loin Filet - Mesquite BBQ, per lb",1.8 lb,5.38,2026-03-25
,"Tilapia Fillets, per lb",0.75 lb,4.87,2026-03-25
SIMPLY NATURE,Organic Whole Chicken,5.2 lb,14.51,2026-03-25
APPLETON FARMS,"Boneless Spiral Sliced Ham, per lb",3.74 lb,14.77,2026-03-25
TYSON,"Pork Roast Kit with Vegetables, 2.7 lb",2.75 lb,9.15,2026-03-25
NEVER ANY!,"Lamb Loin Chops, per lb",1 lb,9.99,2026-03-25
,Atlantic Norwegian Salmon,1 lb,10.39,2026-03-25
,Black Angus Beef Choice Boneless Sirloin Tip Roast,4 lb,30.76,2026-03-25
,"Stuffed Atlantic Salmon, 16 oz",16 oz,11.35,2026-03-25
,USDA Choice Black Angus Beef Stew Meat,1.5 lb,11.09,2026-03-25
PERDUE,"Antibiotic Free Whole Chicken, 60 oz",1 each,6.79,2026-03-25
,"Coho Salmon, per lb",1 lb,10.99,2026-03-25
NEVER ANY!,"Country Style Breakfast Chicken Sausage, 8 oz",8 oz,3.65,2026-03-25
NEVER ANY!,"Apple Maple Chicken Sausage, 8 oz",8 oz,3.65,2026-03-25
KIRKWOOD,"Ground Chicken, 16 oz",16 oz,3.69,2026-03-25
,"Baby Back Pork Ribs, per lb",3.5 lb,12.92,2026-03-25
,Grass Fed Ribeye Steak,1.18 lb,17.69,2026-03-25
,"Grass Fed New York Strip Steaks, per lb",1.56 lb,21.82,2026-03-25
PERDUE,Antibiotic Free Thin Sliced Chicken Breasts,1.13 lb,5.41,2026-03-25
,"Black Angus Beef Choice Boneless Country Style Ribs, per lb",1.4 lb,13.99,2026-03-25
,"Black Angus Beef Choice Carne Picada Boneless Beef, per lb",1.47 lb,9.98,2026-03-25
,"USDA Choice Black Angus Cubed Steak, per lb",1.4 lb,10.91,2026-03-25
,Black Angus Beef Choice Thin Sliced Boneless Sirloin Tip Steak,1.8 lb,15.46,2026-03-25
NEVER ANY!,"Split Lamb Breast, per lb",4 lb,15.16,2026-03-25
PERDUE,"Antibiotic Free Boneless Skinless Chicken Breasts, per lb",1.6 lb,6.86,2026-03-25
,"Family Pack Boneless Skinless Chicken Thighs, per lb",3 lb,8.97,2026-03-25
,"Rosemary Seasoned Pork Loin Roast, per lb",2.5 lb,7.48,2026-03-25
,Black Angus Beef Choice Boneless London Broil Top Round Roast,1.8 lb,14.92,2026-03-25
,"Garlic and Pepper Seasoned Pork Loin Roast, per lb",2.5 lb,7.48,2026-03-25
KIRKWOOD,85/15 Ground Turkey,3 lb,10.95,2026-03-25
,"Fresh Teriyaki Seasoned Chicken, per lb",1.5 lb,7.94,2026-03-25
,Southwest Style Seasoned Chicken Breasts,1.5 lb,7.94,2026-03-25
SPECIALLY SELECTED,"Wagyu Ground Beef, 16 oz",1 lb,4.99,2026-03-25
USDA CHOICE,"Birria Style Beef, per lb",2.75 lb,19.22,2026-03-25
,"Ahi Tuna Steaks, per lb",0.75 lb,6.74,2026-03-25
,"USDA Choice Chuck Roast, Steakhouse Seasoned",2.35 lb,16.43,2026-03-25
,"USDA Choice Chuck Roast, Bourbon Brown Sugar Seasoned",2.35 lb,16.43,2026-03-25
CATTLEMEN'S RANCH,USDA Choice Applewood Bacon Wrapped Top Sirloin,10 oz,9.89,2026-03-25
,Fresh Basil Pesto Seasoned Chicken,1.5 lb,7.94,2026-03-25
LITTLE SALAD BAR,"Flat Leaf Spinach, 8 oz",8 oz,1.99,2026-03-25
LITTLE SALAD BAR,"Classic Coleslaw, 14 oz",14 oz,2.09,2026-03-25
,"Spinach & Artichoke Stuffed Mushrooms, 8.5 oz",8.5 oz,4.39,2026-03-25
SIMPLY NATURE,"Organic Chopped Kale, 12 oz",12 oz,3.85,2026-03-25
LITTLE SALAD BAR,"Santa Fe Style Salad Bowl, 6.25 oz",6.3 oz,3.19,2026-03-25
LITTLE SALAD BAR,"Southwest Chopped Salad Kit, 12 oz",12 oz,3.65,2026-03-25
LITTLE SALAD BAR,"Sunflower Chopped Salad Kit, 11.1 oz",12 oz,3.65,2026-03-25
LITTLE SALAD BAR,"Italian Salad, 9 oz",9 oz,3.25,2026-03-25
LITTLE SALAD BAR,"Spring Mix, 5 oz",5 oz,2.99,2026-03-25
LITTLE SALAD BAR,"Garden Salad, 12 oz",12 oz,2.35,2026-03-25
LITTLE SALAD BAR,"Sweet Kale Chopped Salad Kit, 12 oz",12.2 oz,3.65,2026-03-25
LITTLE SALAD BAR,"Caesar Salad Kit, 10 oz",10 oz,3.29,2026-03-25
LITTLE SALAD BAR,"Asian Chopped Salad Kit, 12 oz",12 oz,3.65,2026-03-25
SIMPLY NATURE,"Organic Arugula and Spinach Mix, 5 oz",5 oz,2.85,2026-03-25
LITTLE SALAD BAR,"Chicken Caesar Salad Bowl, 6.25 oz",6.25 oz,3.19,2026-03-25
LITTLE SALAD BAR,"Shredded Lettuce, 8 oz",8 oz,2.09,2026-03-25
LITTLE SALAD BAR,"Mango Slices, 16 oz",16 oz,5.85,2026-03-25
LITTLE SALAD BAR,"Sweet Butter Salad, 8 oz",6 oz,2.99,2026-03-25
SIMPLY NATURE,"Organic Mixed Greens, 5 oz",5 oz,2.85,2026-03-25
SIMPLY NATURE,"Organic Spring Mix, 16 oz",16 oz,5.39,2026-03-25
SIMPLY NATURE,"Organic Baby Spinach, 5 oz",5 oz,2.85,2026-03-25
,"Vidalia Onions, 2 lb",2 lb,2.19,2026-03-25
,"Carrots, 2 lb",2 lb,1.89,2026-03-25
,"Romaine Lettuce Hearts, 3 count",3 ct,3.29,2026-03-25
,"Cucumber, each",1 each,0.65,2026-03-25
,"Artisan Lettuce, each",1 each,3.29,2026-03-25
,"Baby Peeled Carrots, 16 oz",16 oz,1.09,2026-03-25
,"Autumncrisp Grapes, 2 lb Bag",2 lb,6.59,2026-03-25
,"Granny Smith Apples, 3 lb",3 lb,3.85,2026-03-25
,"Red Delicious Apples, 3 lb",3 lb,3.09,2026-03-25
,"Red & Yellow Potatoes, 24 oz",24 oz,3.29,2026-03-25
,"Pomegranate Arils, 4.4 oz",4 oz,4.29,2026-03-25
,"Strawberries, 1 lb",1 lb,1.29,2026-03-25
,"Pink Lady Apples, 3 lb",3 lb,3.55,2026-03-25
,"Organic Blackberries, 6 oz",6 oz,4.09,2026-03-25
,"Russet Potatoes, 10 lb",10 lb,4.39,2026-03-25
,"Blueberries, 1 pint",1 pt,4.85,2026-03-25
,"Mandarin Oranges, 3 lb",3 lb,2.89,2026-03-25
,"Pineapple, each",1 each,2.05,2026-03-25
,"Grape Tomatoes, 10 oz",10 oz,2.19,2026-03-25
,"Blackberries, 6 oz",6 oz,1.89,2026-03-25
,"Asparagus, 1 lb",1 lb,1.89,2026-03-25
,"Jalapeno Peppers, 8 oz",8 oz,0.89,2026-03-25
,"Grapefruit, 5 lb",5 lb,5.49,2026-03-25
,"Cauliflower Crowns, each",1 each,3.29,2026-03-25
,"Mini Avocados, 6 count",6 ct,3.25,2026-03-25
,"Anjou Pears, 3 lb",3 lb,3.95,2026-03-25
,"Beefsteak Tomatoes, 1 lb",1 lb,3.19,2026-03-25
,"Tomatoes On the Vine, 24 oz",24 oz,3.19,2026-03-25
,"Sugar Snap Peas, 8 oz",8 oz,2.65,2026-03-25
,"Mini Sweet Peppers, 1 lb",1 lb,3.55,2026-03-25
,"Lemons, 2 lb",2 lb,4.29,2026-03-25
,"Organic Celery Hearts, each",1 each,2.85,2026-03-25
,"Red Potatoes, 5 lb",5 lb,3.79,2026-03-25
,"Gourmet Medley Tomatoes, 12 oz",12 oz,3.29,2026-03-25
,"Organic Mini Cucumbers, 1 lb",1 lb,3.75,2026-03-25
,"Radishes, 16 oz",16 oz,2.09,2026-03-25
,"Cocktail Tomatoes, 16 oz",1 lb,3.29,2026-03-25
,"Green Onions, 5.5 oz",5.5 oz,1.05,2026-03-25
,"Sliced White Mushrooms, 8 oz",,1.99,2026-03-25
,"Organic Grape Tomatoes, 10 oz",10 oz,3.09,2026-03-25
,"Kiwi, 2 lb",2 lb,4.39,2026-03-25
,"Organic Pink Lady Apples, 3 lb",3 lb,5.05,2026-03-25
,"Baking Potatoes, 5 lb",5 lb,3.75,2026-03-25
,"Plums, 2 lb",2 lb,4.19,2026-03-25
,"Limes, 1 lb",1 lb,2.75,2026-03-25
,"Celery, each",1 each,2.05,2026-03-25
,"White Onions, 2 lb",2 lb,2.19,2026-03-25
,"Cherub Grape Tomatoes, 10 oz",10 oz,2.19,2026-03-25
,"Red Onions, 2 lb",2 lb,2.45,2026-03-25
,"Mini Cucumbers, 1 lb",1 lb,1.89,2026-03-25
,"Yellow Onions, 3 lb",3 lb,1.99,2026-03-25
,"Multi-Colored Peppers, 3 count",3 ct,2.49,2026-03-25
,"Organic Blueberries, 6 oz",6 oz,3.85,2026-03-25
,"Cilantro Bunch, each",1 each,1.05,2026-03-25
,"Boston Hydroponic Lettuce, each",1 each,3.09,2026-03-25
,"Fresh Navel Oranges, 4 lb",,3.39,2026-03-25
,"Ginger Root, 8 oz",8 oz,2.19,2026-03-25
,"Seedless Cucumber, ea",1 each,1.05,2026-03-25
,"Bite Size Yellow Potatoes, 24 oz",24 oz,3.29,2026-03-25
,"Organic Strawberries, 8.8 oz",8.8 oz,4.09,2026-03-25
,"Yellow Potatoes, 5 lb",5 lb,3.79,2026-03-25
,"Raspberries, 6 oz",6 oz,2.75,2026-03-25
SPECIALLY SELECTED,"Cara Cara Oranges, 3 lb",3 lb,3.89,2026-03-25
,"Organic Baby Peeled Carrots, 16 oz",16 oz,1.89,2026-03-25
,"Snacking Tomatoes on the Vine, 12 oz",12 oz,3.65,2026-03-25
,"Organic Raspberries, 6 oz",6 oz,3.95,2026-03-25
,"Baby Bella Mushrooms, 8 oz",8 oz,2.09,2026-03-25
,"Brussels Sprouts, 1 lb",1 lb,3.29,2026-03-25
,"Iceberg Lettuce, each",1 each,2.19,2026-03-25
,"White Mushrooms, 8 oz",8 oz,1.89,2026-03-25
,"Peeled Garlic, 6 oz",6 oz,3.29,2026-03-25
,"Organic Yellow Potatoes, 24 oz",24 oz,4.85,2026-03-25
,"Organic Gala Apples, 3 lb",3 lb,4.75,2026-03-25
,"Organic Pears, 2 lb",2 lb,3.85,2026-03-25
,"Fuji Apples, 3 lb",3 lb,3.29,2026-03-25
,"Gala Apples, 3 lb",3 lb,2.45,2026-03-25
,"Garlic, 3 count",3 ct,1.75,2026-03-25
,"Honeycrisp Apples, 2 lb",2 lb,3.55,2026-03-25
,"Cosmic Crisp Apples, 2 lb",2 lb,3.19,2026-03-25
,"French Green Beans, 1 lb",1 lb,3.29,2026-03-25
,"Organic Romaine Hearts, 3 count",3 ct,4.39,2026-03-25
,"Sweet Potatoes, per lb",1.07 lb,1.02,2026-03-25
,"Roma Tomatoes, per lb",0.219 lb,0.19,2026-03-25
,"Organic Bananas, per lb",1 lb,0.73,2026-03-25
,"Red Grapes, per lb",2.25 lb,3.35,2026-03-25
,"Mango, each",1 each,0.95,2026-03-25
,"Spaghetti Squash, per lb",3 lb,2.97,2026-03-25
,"Honeycrisp Apples, per lb",0.75 lb,1.49,2026-03-25
,"Bananas, per lb",0.33 lb,0.16,2026-03-25
,"Butternut Squash, per lb",2.75 lb,2.72,2026-03-25
,"Broccoli Crowns, per lb",1 lb,2.15,2026-03-25
,"Cabbage, per lb",3 lb,2.25,2026-03-25
,"Large Avocado, each",1 each,0.65,2026-03-25
,"Green Grapes, per lb",2.25 lb,3.13,2026-03-25
,"Apples, per lb",3 lb,5.67,2026-03-25
,"Parsley, each",1 each,0.99,2026-03-25
,"Organic Avocados, 4 pack",4 ct,4.29,2026-03-25
,"Organic Cherub Grape Tomatoes, 10 oz",10 oz,3.85,2026-03-25
,"Organic Zucchini, per lb",1.25 lb,2.99,2026-03-25
,"Cantaloupe Chunks, 16 oz",16 oz,4.85,2026-03-25
LITTLE SALAD BAR,"Chef Salad Bowl, 7.75 oz",6.2 oz,3.19,2026-03-25
,"Mini Sweet Peppers, Package",1 lb,3.55,2026-03-25
GARDENLINE,Sun or Shade Lovers Bulbs - Assorted Varieties,1 ea,7.49,2026-03-25
GARDENLINE,Spring Bulbs Assorted Varieties,1 ea,2.49,2026-03-25
SPECIALLY SELECTED,"Perfect Pairing Red and Green Grapes, 3 lb",3 lb,7.99,2026-03-25
,"Rosemary, 0.5 oz",0.5 oz,1.75,2026-03-25
,"Fresh Thyme, 0.5 oz",0.5 oz,1.75,2026-03-25
,"Seedless Lemons, 1 lb",1 lb,3.19,2026-03-25
,"Mini Watermelon, each",1 each,4.29,2026-03-25
LITTLE SALAD BAR,"Chopped Caesar Salad Kit, 10.8 oz",10.8 oz,3.65,2026-03-25
,"Jumbo Blueberries, 9.8 oz",9.8 oz,5.85,2026-03-25
,"Watermelon Chunks, 1 lb",1 lb,4.19,2026-03-25
,"Pineapple Chunks, 1 lb",1 lb,4.19,2026-03-25
,"Blackberries, 10 oz",10 oz,5.49,2026-03-25
,"Fresh Mint, 0.5 oz",0.5 oz,1.75,2026-03-25
,"Mediterranean Chopped Salad Kit, 10.8 oz",10.8 oz,3.65,2026-03-25
,"Farmhouse Ranch Chopped Kit, 11.1 oz",11.1 oz,3.65,2026-03-25
,Zucchini,1 lb,1.25,2026-03-25
FREMONT FISH MARKET,"Wild Caught Frozen Pink Salmon, 16 oz",16 oz,8.45,2026-03-25
BREMER,"Family Size Italian Style Meatballs, 32 oz",32 oz,8.25,2026-03-25
FREMONT FISH MARKET,"Medium Cooked in Shell Shrimp, 12 oz",12 oz,7.15,2026-03-25
FREMONT FISH MARKET,"Large Cooked Shrimp, 12 oz",,8.25,2026-03-25
SEASON'S CHOICE,"Steamable Frozen Asparagus Spears, 8 oz",8 oz,3.29,2026-03-25
SUNDAE SHOPPE,"Mint Chocolate Chip Ice Cream, 48 fl oz",48 fl oz,3.25,2026-03-25
KIRKWOOD,Fully Cooked White Meat Chicken Nuggets,29 oz,5.89,2026-03-25
SEASON'S CHOICE,"Frozen Steam Cut Green Beans, 12 oz",12 oz,1.09,2026-03-25
SEASON'S CHOICE,"Steamable Frozen Mixed Vegetable, 12 oz",12 oz,1.09,2026-03-25
SEASON'S CHOICE,"Steamable Frozen Sweet Garden Peas, 12 oz",12 oz,0.97,2026-03-25
FREMONT FISH MARKET,"Jumbo EZ Peel Raw Shrimp, 12 oz",12 oz,7.15,2026-03-25
FREMONT FISH MARKET,"Jumbo Cooked Shrimp, 12 oz",12 oz,9.35,2026-03-25
LIVEGFREE,"Gluten Free Gen Tso's Chicken, 22 oz",22 oz,7.15,2026-03-25
FREMONT FISH MARKET,"Beer Battered Cod Fillets, 13.1 oz",13.1 oz,5.19,2026-03-25
KIRKWOOD,"Chicken Fries, 24 oz",24 oz,5.29,2026-03-25
KIRKWOOD,"Buffalo Crispy Chicken Strips, 25 oz",25 oz,6.95,2026-03-25
FREMONT FISH MARKET,"Jumbo Breaded Butterfly Shrimp, 9 oz",9 oz,4.09,2026-03-25
,"Maple Breakfast Sausage Patties, 12 oz",12 oz,2.65,2026-03-25
SEASON'S CHOICE,"Frozen Plain Riced Cauliflower, 12 oz",12 oz,1.89,2026-03-25
BELMONT,"Turtle Cheesecake Twin Pack, 6 oz",6 oz,2.19,2026-03-25
WHOLE & SIMPLE,"Southwest Chicken Quinoa Bowl, 10.5 oz",10.5 oz,4.25,2026-03-25
WHOLE & SIMPLE,"Mediterranean Chicken Quinoa Bowl, 10.5 oz",10.5 oz,4.25,2026-03-25
BELMONT,"New York Cheesecake Twin Pack, 6 oz",6 oz,2.19,2026-03-25
SUNDAE SHOPPE,"Vanilla Flavored Light Ice Cream, 1 gal",128 fl oz,6.95,2026-03-25
EARTH GROWN,"Vegan Zesty Italian Meatless Meatballs, 16 oz",16 oz,5.49,2026-03-25
BREAKFAST BEST,"Sausage, Egg and Cheese Biscuit Sandwiches, 4 count",17.2 oz,4.95,2026-03-25
NATURE'S NECTAR,"100% Orange Juice Concentrate, 12 oz",12 oz,3.45,2026-03-25
BREMER,"Alfredo Chicken Skillet, 21 oz",21 oz,3.85,2026-03-25
SPECIALLY SELECTED,"Mussels in Garlic Butter Sauce, 16 oz",16 oz,2.75,2026-03-25
SPECIALLY SELECTED,"Mussels in Tomato Garlic Sauce, 16 oz",16 oz,2.75,2026-03-25
SEASON'S CHOICE,"Frozen Blueberries, 24 oz",24 oz,4.19,2026-03-25
FREMONT FISH MARKET,"Value Pack Wild Caught Pink Salmon, 32 oz",32 oz,11.39,2026-03-25
FUSIA ASIAN INSPIRATIONS,"General Tso's Chicken, 26 oz",26 oz,8.25,2026-03-25
BREAKFAST BEST,"Meat Lovers Breakfast Bowl, 7 oz",7 oz,2.05,2026-03-25
SEASON'S CHOICE,"Garlic Riced Cauliflower, 12 oz",12 oz,1.89,2026-03-25
FREMONT FISH MARKET,"Jumbo Coconut Breaded Butterfly Shrimp, 9 oz",9 oz,4.09,2026-03-25
FREMONT FISH MARKET,"Medium EZ Peel Raw Shrimp, 12 oz",12 oz,6.95,2026-03-25
SEASON'S CHOICE,"Frozen Shredded Hash Browns, 30 oz",30 oz,4.09,2026-03-25
SEASON'S CHOICE,"Steamable Frozen Brussels Sprouts, 12 oz",12 oz,1.09,2026-03-25
CASA MAMITA,"Bean and Cheese Burritos, 8 count",32 oz,4.19,2026-03-25
FUSIA ASIAN INSPIRATIONS,"Asian Inspirations Chicken Lo Mein, 20 oz",20 oz,6.59,2026-03-25
BREAKFAST BEST,"Sausage, Egg and Cheese Croissant Breakfast Sandwich, 18 oz",18 oz,6.29,2026-03-25
FREMONT FISH MARKET,"Crunchy Fish Fillets, 19 oz",19 oz,5.79,2026-03-25
BREMER,"Original Meatballs, 32 oz",32 oz,8.25,2026-03-25
FREMONT FISH MARKET,"Wild Caught Breaded Fish Sticks, 24 oz",24 oz,5.79,2026-03-25
DEUTSCHE KÜCHE,"Frozen Apple Strudel, 19.2 oz",19.2 oz,3.29,2026-03-25
SUNDAE SHOPPE,"Moose Tracks Ice Cream, 48 oz",48 fl oz,3.25,2026-03-25
BREAKFAST BEST,"Pre-Cooked Original Sausage Patties, 32 oz",32 oz,9.15,2026-03-25
SEASON'S CHOICE,"Seasoned French Fries, 32 oz",32 oz,3.19,2026-03-25
MAMA COZZI'S PIZZA KITCHEN,"French Bread Pepperoni Pizza, 2 count",11.25 oz,3.29,2026-03-25
KIRKWOOD,"Grilled Chicken Breast Strips, 22 oz",22 oz,8.25,2026-03-25
KIRKWOOD,"Breaded Chicken Fillets, 24 oz",24 oz,8.79,2026-03-25
SUNDAE SHOPPE,"Strawberry Ice Cream, 48 oz",48 fl oz,3.25,2026-03-25
DEUTSCHE KÜCHE,"Frozen Fruits of the Forest Strudel, 19.2 oz",19.2 oz,3.29,2026-03-25
KIRKWOOD,"Crispy Chicken Strips, 25 oz",25 oz,7.69,2026-03-25
,"85/15 Ground Beef Patties, 3 lb",3 lb,16.39,2026-03-25
KIRKWOOD,"Frozen Ground Turkey, 16 oz",16 oz,2.45,2026-03-25
FUSIA ASIAN INSPIRATIONS,"Asian Inspired Mandarin Orange Chicken, 26 oz",26 oz,8.25,2026-03-25
BREMER,"Frozen Chicken Pot Pie, 7 oz",7 oz,1.09,2026-03-25
KIRKWOOD,"Frozen Chicken Tenderloins, 40 oz",40 oz,8.49,2026-03-25
KIRKWOOD,"Frozen Chicken Wings, 64 oz",64 oz,13.19,2026-03-25
CATTLEMEN'S RANCH,"Bacon Cheddar Beef Burger Patties, 2 lb",2 lb,11.85,2026-03-25
L'OVEN FRESH,"Parmesan Romano Garlic Bread, 10 oz",10 oz,3.85,2026-03-25
SEA QUEEN,"Medium Cooked Shrimp, 12 oz",12 oz,6.59,2026-03-25
BREAKFAST BEST,"Pre-Cooked Maple Sausage Patties, 32 oz",32 oz,9.15,2026-03-25
SUNDAE SHOPPE,"Chocolate Chip Cookie Dough Ice Cream, 48 oz",48 fl oz,3.25,2026-03-25
,"85% Lean Ground Beef Chub, 16 oz",16 oz,6.59,2026-03-25
BREAKFAST BEST,"Frozen Buttermilk Pancakes, 24 count",32 oz,3.95,2026-03-25
MAMA COZZI'S PIZZA KITCHEN,"Garlic Texas Toast, 8 count",11.25 oz,2.19,2026-03-25
MAMA COZZI'S PIZZA KITCHEN,"5 Cheese Texas Toast, 8 count",14 oz,2.19,2026-03-25
KIRKWOOD,"Honey Battered Chicken Breast Tenders, 25.5 oz",25.5 oz,6.05,2026-03-25
L'OVEN FRESH,"Garlic Herb Bread, 10 oz",10 oz,3.85,2026-03-25
BREAKFAST BEST,"Frozen Heat & Serve Sausage Links, 10 Count",6.4 oz,1.65,2026-03-25
SUNDAE SHOPPE,"Chocolate Ice Cream, 48 fl oz",48 fl oz,3.25,2026-03-25
PRIANO,"Cheese Ravioli, 25 oz",25 oz,4.39,2026-03-25
BREMER,"Garlic Chicken Skillet, 21 oz",21 oz,3.85,2026-03-25
SPECIALLY SELECTED,"Mussels in Natural Juices, 16 oz",14 oz,2.75,2026-03-25
SEASON'S CHOICE,"Steak Cut French Fries, 28 oz",28 oz,3.19,2026-03-25
,"73/27 Ground Beef Roll, 3 lb",3 lb,16.49,2026-03-25
,"Original Breakfast Sausage Patties, 12 oz",12 oz,2.65,2026-03-25
KIRKWOOD,"Frozen Chicken Breasts, 48 oz",48 oz,9.69,2026-03-25
SEASON'S CHOICE,"Frozen Extra Fine Green Beans, 16 oz",16 oz,2.85,2026-03-25
SPECIALLY SELECTED,"Jumbo Scallops, 12 oz",12 oz,17.05,2026-03-25
SPECIALLY SELECTED,"Chocolate Premium Ice Cream, 48 fl oz",48 fl oz,5.49,2026-03-25
SPECIALLY SELECTED,"Wild Caught Ahi Tuna, per lb",12 oz,5.35,2026-03-25
KIRKWOOD,"Breaded Chicken Breast Patties, 23.8 oz",23.8 oz,5.49,2026-03-25
FUSIA ASIAN INSPIRATIONS,"Chicken Fried Rice, 22 oz",22 oz,6.59,2026-03-25
BREAKFAST BEST,"Sausage & Gravy Breakfast Bowl, 7 oz",7 oz,2.05,2026-03-25
SPECIALLY SELECTED,"Vanilla Premium Ice Cream, 48 fl oz",48 fl oz,5.49,2026-03-25
SUNDAE SHOPPE,"Vanilla Bean Ice Cream, 48 oz",48 fl oz,3.25,2026-03-25
SEASON'S CHOICE,"Steamable Frozen Asian Medley, 12 oz",12 oz,1.75,2026-03-25
,"75/25 Ground Beef Patties, 3 lb",3 lb,14.85,2026-03-25
SEASON'S CHOICE,"Crinkle Cut Potatoes, 32 oz",32 oz,3.19,2026-03-25
SUNDAE SHOPPE,"Butter Pecan Ice Cream, 48 oz",48 fl oz,3.25,2026-03-25
SUNDAE SHOPPE,"Cookies and Cream Ice Cream, 48 oz",48 fl oz,3.25,2026-03-25
BREAKFAST BEST,"Frozen Homestyle Waffles, 10 count",12.3 oz,2.39,2026-03-25
SEASON'S CHOICE,"Steamable Frozen Sweet Corn, 12 oz",12 oz,1.09,2026-03-25
KIRKWOOD,"Boneless Skinless Chicken Thighs, 48 oz",48 oz,7.69,2026-03-25
CATTLEMEN'S RANCH,"Black Angus Beef Burger Patties, 2 lb",2 lb,11.85,2026-03-25
FUSIA ASIAN INSPIRATIONS,"Chicken Egg Rolls, 12.26 oz",10.8 oz,3.45,2026-03-25
KIRKWOOD,"Frozen Popcorn Chicken, 25.5 oz",25.5 oz,8.05,2026-03-25
APPETITOS,"Mozzarella Sticks, 11 oz",11 oz,3.29,2026-03-25
CASA MAMITA,"Beef Taquitos, 20 oz",20 oz,5.39,2026-03-25
MAMA COZZI'S PIZZA KITCHEN,"Toasted Cheese Ravioli, 1 lb",16 oz,4.39,2026-03-25
MAMA COZZI'S PIZZA KITCHEN,"Toasted Beef Ravioli, 1 lb",16 oz,4.39,2026-03-25
SEASON'S CHOICE,"Frozen Pineapple, 24 oz",24 oz,4.35,2026-03-25
SEASON'S CHOICE,"Frozen Mango Chunks, 24 oz",24 oz,4.35,2026-03-25
SEASON'S CHOICE,"Frozen Strawberries, 24 oz",24 oz,4.75,2026-03-25
SEASON'S CHOICE,"Frozen Berry Medley, 32 oz",32 oz,7.69,2026-03-25
APPETITOS,"Loaded Potato Skins, 8.5 oz",8.5 oz,2.99,2026-03-25
BREMER,"Salisbury Steak, 28 oz",28 oz,3.95,2026-03-25
CASA MAMITA,"Beef and Bean Burritos, 8 count",32 oz,4.19,2026-03-25
BREAKFAST BEST,"Frozen Pancakes & Sausage On-A-Stick, 25 oz",25 oz,6.59,2026-03-25
BREAKFAST BEST,"Cinnamon French Toast Sticks, 16 oz",16 oz,3.49,2026-03-25
BREMER,"Potato & Cheddar Pierogis, 16 oz",16 oz,2.55,2026-03-25
BREMER,"Frozen Regular Corndogs, 6 count",16 oz,3.75,2026-03-25
EARTH GROWN,"Classic Vegan Meatless Meatballs, 16 oz",16 oz,5.49,2026-03-25
BREAKFAST BEST,"Original French Toast Sticks, 16 oz",16 oz,3.49,2026-03-25
SEASON'S CHOICE,"Hash Brown Patties, 20 count",20 ct,5.49,2026-03-25
KIRKWOOD,"Family Size Chicken Nuggets, 3 lb",48 oz,7.15,2026-03-25
SEASON'S CHOICE,"Steamable Frozen California Medley Vegetables, 12 oz",12 oz,1.29,2026-03-25
FRIENDLY FARMS,"Whipped Topping, 8 oz",8 oz,1.09,2026-03-25
SUNDAE SHOPPE,"Chocolate Ice Cream Crunch Bars, 6 count",18 fl,3.29,2026-03-25
SUNDAE SHOPPE,"Strawberry Flavor Ice Cream Crunch Bars, 6 count",18 fl oz,3.29,2026-03-25
MAMA COZZI'S PIZZA KITCHEN,"Pepperoni Pizza Snacks, 45 oz",45 oz,6.39,2026-03-25
SEASON'S CHOICE,"Frozen Cherry Berry Blend, 48 oz",,7.15,2026-03-25
SIMPLY NATURE,"Steamable Frozen Organic Broccoli, 10 oz",10 oz,2.39,2026-03-25
SIMPLY NATURE,"Steamable Frozen Organic Spinach, 10 oz",10 oz,2.39,2026-03-25
KIRKWOOD,"Dino Nuggets, 35 oz",35 oz,7.25,2026-03-25
SUNDAE SHOPPE,"Mixed Berry Gelato, 28.5 fl oz",28.5 fl oz,3.85,2026-03-25
MAMA COZZI'S PIZZA KITCHEN,"Original Thin Crust Sausage, 14.9 oz",14.9 oz,3.09,2026-03-25
L'OVEN FRESH,"Heat & Serve Garlic Knots, 8 count",10.4 oz,3.29,2026-03-25
STEAK-UMM,"100% All Beef Sliced Steaks, 15 oz",15 oz,5.49,2026-03-25
SUNDAE SHOPPE,"Triple Chocolate Gelato, 28.5 fl oz",28.5 fl oz,3.85,2026-03-25
MAMA COZZI'S PIZZA KITCHEN,"Cheese Stuffed Pepperoni Crust Pizza, 29.85 oz",29.85 oz,7.15,2026-03-25
HOME RUN INN,"Sausage Pizza, 30 oz",30 oz,7.25,2026-03-25
BREMER,"Chicken Pita Melt, 15 oz",15 oz,6.05,2026-03-25
SIMPLY NATURE,"Tropical Açaí Bowl Frozen Fruit Blend, 6 oz",6 oz,3.65,2026-03-25
SIMPLY NATURE,"Berry Açaí Bowl Frozen Fruit Blend, 6 oz",6 oz,3.65,2026-03-25
DEUTSCHE KÜCHE,"Spinach & Ricotta Strudel, 10.6 oz",10.6 oz,4.49,2026-03-25
SIMPLY NATURE,"Organic Butternut Squash, 10 oz",10 oz,2.75,2026-03-25
SIMPLY NATURE,"Organic Frozen Sweet Potatoes, 10 oz",10 oz,2.75,2026-03-25
MAMA COZZI'S PIZZA KITCHEN,"Stuffed Crust Cheese Pizza, 30.40 oz",30.4 oz,7.15,2026-03-25
MAMA COZZI'S PIZZA KITCHEN,"Original Thin Supreme, 15.8 oz",15.8 oz,3.09,2026-03-25
MAMA COZZI'S PIZZA KITCHEN,"Original Thin Meat Lover's, 14.4 oz",14.4 oz,3.09,2026-03-25
FREMONT FISH MARKET,"Argentine Red Shrimp, 16 oz",16 oz,10.99,2026-03-25
SEASON'S CHOICE,"Sweet Potato Casserole, 22 oz",22 oz,4.99,2026-03-25
BELMONT,"Deep Dish Pie Crust, 2 count",2 ct,1.55,2026-03-25
BREMER,"Lasagna with Meat Sauce, 38 oz",38 oz,6.39,2026-03-25
FREMONT FISH MARKET,"Family Pack Frozen Swai Fillets, 2 lb",32 oz,8.79,2026-03-25
KIRKWOOD,"Whole Duck, per lb",6.18 lb,20.33,2026-03-25
GINO'S EAST,"Deep Dish Sausage Pizza, 26 oz",26 oz,9.15,2026-03-25
SEASON'S CHOICE,"Whole Onion Rings, 16 oz",16 oz,3.65,2026-03-25
APPETITOS,"Cream Cheese Stuffed Jalapenos, 11 oz",11 oz,3.29,2026-03-25
GINO'S EAST,"Deep Dish Cheese Pizza, 32 oz",26 oz,9.15,2026-03-25
BELMONT,"Mini Cheesecake Bites, 24 count",17.5 oz,4.95,2026-03-25
HOME RUN INN,"Classic Cheese Pizza, 27 oz",27 oz,7.25,2026-03-25
MAMA COZZI'S PIZZA KITCHEN,"Cheese Stuffed Crust Three Meat Pizza, 31.9 oz",31.9 oz,7.15,2026-03-25
MAMA COZZI'S PIZZA KITCHEN,"Original Thin Cheese, 13.8 oz",13.8 oz,3.09,2026-03-25
MAMA COZZI'S PIZZA KITCHEN,"Stuffed Crust Chicken Bacon Ranch Pizza, 30.25 oz",30.25 oz,7.15,2026-03-25
HOME RUN INN,"Classic Pepperoni Pizza, 27 oz",27 oz,7.25,2026-03-25
LIVEGFREE,"Gluten Free Chicken Bites, 18 oz",18 oz,7.15,2026-03-25
BREMER,"Angus Cheeseburger Pita Melt, 13.5 oz",13.5 oz,6.05,2026-03-25
FUSIA ASIAN INSPIRATIONS,"Chicken Pot Stickers, 16 oz",16 oz,4.39,2026-03-25
FUSIA ASIAN INSPIRATIONS,"Pork Pot Stickers, 16 oz",16 oz,4.39,2026-03-25
SEASON'S CHOICE,"Steamed Edamame in the Pod, 16 oz",16 oz,2.75,2026-03-25
KIRKWOOD,"Honey BBQ Chicken Wings, 22 oz",22 oz,9.05,2026-03-25
FUSIA ASIAN INSPIRATIONS,"Beef Lo Mein, 21 oz",21 oz,5.99,2026-03-25
FUSIA ASIAN INSPIRATIONS,"Beef and Broccoli, 21 oz",21 oz,5.99,2026-03-25
APPETITOS,"Bacon Mac & Cheese Bites, 12 count",9 oz,4.49,2026-03-25
APPETITOS,"Buffalo Chicken Mac & Cheese Bites, 12 count",9 oz.,4.49,2026-03-25
DEUTSCHE KÜCHE,"Garlic Sage Spaetzle, 20 oz",20 oz,4.99,2026-03-25
DEUTSCHE KÜCHE,"Cheese Spaetzle, 20 oz",20 oz,4.99,2026-03-25
BREAKFAST BEST,"Protein Cinnamon French Toast Sticks, 16 oz",16 oz,5.69,2026-03-25
SPECIALLY SELECTED,"Caramel Apple Blossoms, 8 oz",8 oz,2.65,2026-03-25
SPECIALLY SELECTED,"Apple Berry Blossoms, 8 oz",8 oz,2.65,2026-03-25
MAMA COZZI'S PIZZA KITCHEN,"Cheese & Garlic Stuffed Breadsticks, 5 Sticks",11.5 oz,2.59,2026-03-25
FREMONT FISH MARKET,"Family Pack Size Raw Shrimp, 2 lb",32 oz.,15.99,2026-03-25
,"Premium Black Angus Original Meatballs, 3 lb",3 lb,14.99,2026-03-25
,"Premium Black Angus Italian Style Meatballs, 3 lb",3 lb,14.99,2026-03-25
SEASON'S CHOICE,"Steamable Frozen Broccoli Florets, 12 oz",12 oz,1.29,2026-03-25
SEASON'S CHOICE,"Steamable Frozen Broccoli Stir Fry, 12 oz",12 oz,1.75,2026-03-25
BREAKFAST BEST,"Buttermilk & Vanilla Protein Waffle, 13.4 oz",13.4 oz,3.95,2026-03-25
FREMONT FISH MARKET,"Oven Crispy Popcorn Shrimp, 18 oz",18 oz,6.49,2026-03-25
FREMONT FISH MARKET,"Oven Crispy Popcorn Shrimp, 18 oz",18 oz,6.59,2026-03-25
SEASON'S CHOICE,"Frozen Strawberry Banana Blend, 48 oz",48 oz,7.15,2026-03-25
SEASON'S CHOICE,Potato Puffs,32 oz,3.19,2026-03-25
FUSIA ASIAN INSPIRATIONS,"California Roll, 15 counts",11.5 oz,5.49,2026-03-25
FUSIA ASIAN INSPIRATIONS,"Shrimp & Avocado Sushi Roll, 15 count",11.5 oz,5.49,2026-03-25
SUNDAE SHOPPE,"Sea Salt Caramel Low Fat Ice Cream, 48 fl oz",48 fl oz,3.25,2026-03-25
SUNDAE SHOPPE,"Vanilla Low Fat Ice Cream, 48 fl oz",48 fl oz,3.25,2026-03-25
SPECIALLY SELECTED,"Arrabbiata Spaghetti, 16 oz",16 oz,3.79,2026-03-25
SPECIALLY SELECTED,"Al Limone Spaghetti, 16 oz",16 oz,3.79,2026-03-25
SUNDAE SHOPPE,"Strawberry Frozen Fruit Bars, 4 count",12 fl oz,2.99,2026-03-25
SUNDAE SHOPPE,"Mango Frozen Fruit Bars, 4 count",12 fl oz,2.99,2026-03-25
SPECIALLY SELECTED,"Premium Cherry Mascarpone Strudel, 21.2 oz",21.2 oz,2.65,2026-03-25
SPECIALLY SELECTED,"Premium Apple Mascarpone Strudel, 21.2 oz",21.2 oz,2.65,2026-03-25
MAMA COZZI'S PIZZA KITCHEN,"Pepperoni Rising Crust Pizza, 30.20 oz",30.2 oz,4.95,2026-03-25
MAMA COZZI'S PIZZA KITCHEN,"Cheese Rising Crust Pizza, 29.75 oz",29.75 oz,4.95,2026-03-25
FREMONT FISH MARKET,"Value Pack Tilapia, 32 oz",32 oz,9.75,2026-03-25
SUNDAE SHOPPE,"Cookies and Cream Mochi Ice Cream, 6 count",7.5 oz,4.95,2026-03-25
SUNDAE SHOPPE,"Mango Mochi Ice Cream, 6 count",7.5 oz,4.95,2026-03-25
SUNDAE SHOPPE,"Strawberry Mochi Ice Cream, 6 count",7.5 oz,4.95,2026-03-25
KIRKWOOD,"Maple Bacon Dry Rub Chicken Wings, 22 oz",22 oz.,8.79,2026-03-25
SPECIALLY SELECTED,"Salt & Pepper Calamari, 10 oz",10 oz.,7.49,2026-03-25
BUONA,"Buona Beef, 34 oz",34 oz,12.09,2026-03-25
APPETITOS,"Mac & Cheese Bites, 8 oz",8 oz,2.99,2026-03-25
SPECIALLY SELECTED,"Nashville Crispy Hot Stuffed Shrimp, 6.8 oz",6.8 oz,5.99,2026-03-25
SPECIALLY SELECTED,"Dill Pickle Ranch Crispy Stuffed Shrimp, 6.8 oz",6.8 oz,5.99,2026-03-25
CASA MAMITA,"Chicken and Cheese Taquitos, 20 oz",20 oz,5.39,2026-03-25
LUNCH BUDDIES,"Crustless Peanut Butter & Grape Jelly Sandwiches, 4 Pack",8.8 oz,3.29,2026-03-25
SPECIALLY SELECTED,"Snow Crab Legs, 24 oz",24 oz,23.09,2026-03-25
FREMONT FISH MARKET,"Wild Caught Langostino Tails, 12 oz",12 oz,8.49,2026-03-25
SPECIALLY SELECTED,"Roasted Vegetables Flatbread, 10.51 oz",10.511 oz,4.39,2026-03-25
SPECIALLY SELECTED,"Garlic Provola Flatbread, 10 oz",10.018 oz,4.39,2026-03-25
MAMA COZZI'S PIZZA KITCHEN,"Frozen Thin Crust Pepperoni Pizza, 14.3 oz",14.3 oz,3.09,2026-03-25
FREMONT FISH MARKET,"Seafood Boil, 35.13 oz",35.13 oz,9.89,2026-03-25
SUNDAE SHOPPE,"Vanilla Frozen Dairy Dessert Sandwiches, 42 fl oz",42 fl oz,3.25,2026-03-25
SUNDAE SHOPPE,"Vanilla Frozen Dairy Dessert Bars, 12 count",30 fl oz,3.45,2026-03-25
SUNDAE SHOPPE,"Frozen Crunch Dairy Dessert Bars, 12 count",30 fl oz,3.45,2026-03-25
KIRKWOOD,"Crispy Chicken Nuggets, 22 oz",22 oz,7.69,2026-03-25
FREMONT FISH MARKET,"Large Raw Peeled Shrimp Family Pack, 32 oz",32 oz,18.15,2026-03-25
CASA MAMITA,"Chimi Beef & Cheese, 40 oz",40 oz,8.79,2026-03-25
BELMONT,"Strawberry Swirl Cheesecake Twin Pack, 6 oz",6 oz,2.19,2026-03-25
FREMONT FISH MARKET,"Chipotle Sea Salt Shrimp Skewer, 8 oz",8 oz,7.69,2026-03-25
KIRKWOOD,"Buffalo Chicken Wings, 22 oz",22 oz,9.05,2026-03-25
DEUTSCHE KÜCHE,"Roasted Pepper & Cheese Strudel, 10.6 oz",10.6 oz,4.49,2026-03-25
DEUTSCHE KÜCHE,"Mushroom & Cheese Strudel, 10.6 oz",10.6 oz,4.49,2026-03-25
SPECIALLY SELECTED,"Wagyu Ground Beef, 16 oz",1 lb,4.99,2026-03-25
SUNDAE SHOPPE,"Vanilla Sundae Nut Cones, 8 count",36.8 fl oz,6.35,2026-03-25
SUNDAE SHOPPE,"Vanilla Caramel & Fudge Sundae Cones, 8 count",36.8 fl oz,6.35,2026-03-25
MAMA COZZI'S PIZZA KITCHEN,"Deep Dish Pizza Singles Pepperoni, 4 count",4 ct,7.69,2026-03-25
SEASON'S CHOICE,"Strawberries Covered Dark Chocolates, 5.3 oz",5.3 oz,2.55,2026-03-25
SEASON'S CHOICE,"Banana Covered Dark Chocolate & Peanut Butter, 5.3 oz",5.3 oz.,2.55,2026-03-25
DEUTSCHE KÜCHE,"Wheat Bread Rolls, 15.87 oz",15.87 oz,3.29,2026-03-25
FREMONT FISH MARKET,"Family Size Wild Caught Pollock Fillets, 32 oz",32 oz,5.99,2026-03-25
FREMONT FISH MARKET,"Sweet & Spicy Crispy Battered Shrimp, 12 oz",12 oz,5.99,2026-03-25
KIRKWOOD,"Fully Cooked Spring Shape Nuggets, 24 oz",24 oz,6.29,2026-03-25
SEASON'S CHOICE,"Frozen Mixed Fruits, 48 oz",48 oz,8.59,2026-03-25
SEASON'S CHOICE,"Frozen Tropical Blend, 48 oz",48 oz,8.59,2026-03-25
SEASON'S CHOICE,"Edamame in Pod, 16 oz",16 oz,2.75,2026-03-25
FREMONT FISH MARKET,"Toss & Serve Shrimp with Salted Butter & Garlic Sauce, 12 oz",12 oz,7.39,2026-03-25
FREMONT FISH MARKET,"Toss & Serve Shrimp with Citrus Herb Sauce, 12 oz",12 oz,7.39,2026-03-25
FREMONT FISH MARKET,"Toss & Serve Shrimp with Chipotle Sea Salt Sauce, 12 oz",12 oz,7.39,2026-03-25
HOT POCKETS,Pepperoni 4 pack,18 oz,5.15,2026-03-25
SEASON'S CHOICE,"Shelled Edamame, Bag",16 oz,2.75,2026-03-25
SEASON'S CHOICE,Extra Crispy Restaurant Fries,26.46 oz,3.19,2026-03-25
JIMMY DEAN,Croissant Breakfast Sandwiches,1 EA,7.49,2026-03-25
MAMA COZZI'S PIZZA KITCHEN,Mini Pizza Bagels 40ct - Pepperoni,1 ea,7.69,2026-03-25
MAMA COZZI'S PIZZA KITCHEN,Mini Pizza Bagels 40ct - 3 Cheese,1 ea,7.69,2026-03-25
FRIENDLY FARMS,"Fat Free Vanilla Flavor Greek Yogurt, 32 oz",32 oz,5.45,2026-03-25
CHEF'S CUPBOARD,"Chicken Flavored Ramen, 2.5 oz",2.5 oz,1.55,2026-03-25
ELEVATION,"Chocolate Flavored Ultra Filtered Milkshake – 4 Pack, 11.5 fl oz",46 fl oz,8.79,2026-03-25
CHEF'S CUPBOARD,"Beef Flavored Protein Ramen, 2.5 oz",2.5 oz,1.55,2026-03-25
SIMMS,"Original Grass Fed Beef Sticks, 8 count",9.2 oz,14.29,2026-03-25
BUILT BARS,"Cookie Dough Chunk Protein Bars, 4 count",6.2 oz,9.69,2026-03-25
EARTH GROWN,"Pad Thai, 10 oz",10 oz,3.29,2026-03-25
ELEVATION,"Nacho Cheese Protein Puffs, 2.1 oz",2.1 oz,3.29,2026-03-25
PARK STREET DELI,"Cheddar Cheese and Honey Brown Sugar Turkey Sausage Bites, 4.5 oz",4.5 oz,3.75,2026-03-25
ELEVATION,"Chocolate Peanut Butter Maxx Bar, 4 count",7.3 oz,5.49,2026-03-25
MAMA COZZI'S PIZZA KITCHEN,"Sliced Turkey Pepperoni, 5 oz",5 oz,3.19,2026-03-25
CHEESE CLUB,"Chickpea Mac & Cheese Shells with White Cheddar, 5.5 oz",5.5 oz,2.99,2026-03-25
SAVORITZ,"Parmesan Cheese Crisp, 1.95 oz",1.95 oz,2.75,2026-03-25
SIMPLY NATURE,"Organic Unrefined Coconut Oil, 14 fl oz",14 oz,5.49,2026-03-25
FRIENDLY FARMS,"Nonfat Plain Greek Yogurt, 32 oz",32 oz,3.09,2026-03-25
SIMPLY NATURE,"Organic Whole Wheat Spaghetti, 16 oz",16 oz,2.09,2026-03-25
PARK STREET DELI,"Roasted Red Pepper Topped Hummus, 10 oz",10 oz,2.85,2026-03-25
PARK STREET DELI,"Spicy Hummus, 10 oz",10 oz,2.85,2026-03-25
PARK STREET DELI,"Olive Tapenade Hummus, 10 oz",10 oz,2.85,2026-03-25
SIMPLY NATURE,"Organic Apple Cider Vinegar, 33.8 fl oz",33.8 fl oz,4.95,2026-03-25
SIMPLY NATURE,"Organic Low Sodium Chicken Broth, 32 oz",32 oz,2.19,2026-03-25
SIMPLY NATURE,"Organic Garlic Powder, 2.5 oz",2.5 oz,2.19,2026-03-25
SIMPLY NATURE,"Fair Trade Organic Guatemalan Light Roast Coffee Pods, 12 count",12 ct,5.49,2026-03-25
SIMPLY NATURE,"USDA Organic Black Beans, 15 oz Can",15.5 oz,1.09,2026-03-25
FIT & ACTIVE,"Vitality Cereal Vanilla Almond, 12.4 oz",12.4 oz,2.99,2026-03-25
SIMPLY NATURE,"Organic Blue Corn Tortilla Chips, 8.25 oz",8.25 oz,2.55,2026-03-25
PARK STREET DELI,"Cranberry Almond Chicken Salad Mini Cups, 4 pack",12 oz,5.39,2026-03-25
PARK STREET DELI,"Cranberry Almond Chicken Salad, 16 oz",16 oz,6.05,2026-03-25
PARK STREET DELI,"Mild Fresh Cut Salsa, 16 oz",16 oz,2.65,2026-03-25
PARK STREET DELI,"Medium Fresh Cut Salsa, 16 oz",16 oz,2.65,2026-03-25
ELEVATION,"Double Chocolate Protein Meal Bars, 6 count",6 ct,5.05,2026-03-25
SIMPLY NATURE,"Low Sodium Sprouted 7 Grain Bread, 16 oz",16 oz,3.95,2026-03-25
PUEBLO LINDO,"Dry Black Beans, 32 oz",32 oz,3.15,2026-03-25
SIMPLY NATURE,"Organic Multigrain Tortilla Chips, 8.25 oz",8.25 oz,2.55,2026-03-25
SIMPLY NATURE,"Organic Ground Cumin, 1.5 oz",1.5 oz,2.19,2026-03-25
SIMPLY NATURE,"Organic Oats and Flax Instant Oatmeal Packets, 8 count",11.29 oz,2.95,2026-03-25
LUNCH MATE,"Family Size Lower Sodium Smoked Honey Ham in Lunch Meat Tub, 15 oz",15 oz,6.29,2026-03-25
MILLVILLE,"Quick Oats, 42 oz",42 oz,4.39,2026-03-25
ELEVATION,"Strawberry Protein Meal Bars, 6 Bars",6 ct,5.05,2026-03-25
PARK STREET DELI,"Classic Hummus, 10 oz",10 oz,2.85,2026-03-25
PARK STREET DELI,"Garlic Topped Hummus, 10 oz",10 oz,2.85,2026-03-25
SIMPLY NATURE,"Organic Pumpkin Seed & Flax Granola Cereal, 11.5 oz",11.5 oz,3.25,2026-03-25
SOUTHERN GROVE,"Shelled Walnuts, 16 oz",16 oz,6.49,2026-03-25
SIMPLY NATURE,"Organic Apple Juice Boxes - 8 pack, 6.75 fl oz box",8 x 6.75 fl oz,3.85,2026-03-25
SIMPLY NATURE,"Organic Beef Bone Broth, 32 oz",32 oz,3.85,2026-03-25
SIMPLY NATURE,"Organic Red Pepper Hummus, 8 oz",8 oz,2.85,2026-03-25
SIMPLY NATURE,"Organic Classic Hummus, 8 oz",8 oz,2.85,2026-03-25
SEASON'S CHOICE,"Frozen Plain Riced Cauliflower, 12 oz",12 oz,1.89,2026-03-25
EMPORIUM SELECTION,"Traditional Feta Cheese Block, 8 oz",8 oz,3.85,2026-03-25
SIMPLY NATURE,"Organic Chipotle Ranch Dressing, 12 fl oz",12 fl oz,3.85,2026-03-25
WHOLE & SIMPLE,"Southwest Chicken Quinoa Bowl, 10.5 oz",10.5 oz,4.25,2026-03-25
WHOLE & SIMPLE,"Mediterranean Chicken Quinoa Bowl, 10.5 oz",10.5 oz,4.25,2026-03-25
SIMPLY NATURE,"Organic 100% Antioxidant Power Juice, 33.8 fl oz",33.8 fl oz,4.19,2026-03-25
SIMPLY NATURE,"Organic Cayenne Pepper, 1.62 oz",1.62 oz,2.09,2026-03-25
SIMPLY NATURE,"Organic Whole Milk, 64 fl oz",64 fl oz,4.25,2026-03-25
MILLVILLE,"Cherry Fruit and Grain Cereal Bars, 8 count",8 ct,1.95,2026-03-25
NATURE'S NECTAR,"Pure Coconut Water, 33.8 fl oz",33.8 fl oz,2.75,2026-03-25
SIMPLY NATURE,"Organic Coconut Chia Granola Cereal, 12.3 oz",12.3 oz,3.25,2026-03-25
SIMPLY NATURE,"Organic Chopped Kale, 12 oz",12 oz,3.85,2026-03-25
SIMPLY NATURE,"Organic Original Unsweetened Almondmilk, 64 fl oz",64 fl oz,4.09,2026-03-25
SIMPLY NATURE,"Chia Seeds, 12 oz",12 oz,4.09,2026-03-25
LUNCH BUDDIES,"Mandarin Orange Gel Bowls, 4 count",4 x 4.3 oz,2.09,2026-03-25
SIMPLY NATURE,"Organic Whole Omega-3 Milk, 64 fl oz",64 fl oz,4.85,2026-03-25
LUNCH BUDDIES,"Peaches in Naturally Flavored Strawberry Gel Bowls, 4 count",4 x 4.3 oz,2.09,2026-03-25
LUNCH BUDDIES,"Mixed Fruit in Blackcherry Gel Bowls, 4 count",4 x 4.3 oz,2.09,2026-03-25
SIMPLY NATURE,Whole Flax Seeds,16 oz,3.85,2026-03-25
ELEVATION,"Apple Pie Pure and Simple Fruit and Nut Bars, 5 count",5 ct,4.39,2026-03-25
MILLVILLE,"Strawberry Fruit & Grain Cereal Bars, 8 count",8 ct,1.95,2026-03-25
SIMPLY NATURE,"Organic 90 Second Quinoa and Brown Rice, 8.8 oz",8.8 oz,2.19,2026-03-25
SIMPLY NATURE,"Freeze Dried Strawberries, 1 oz",1 oz,3.29,2026-03-25
DAKOTA'S PRIDE,"USDA Organic Red Kidney Beans, 15.5 oz Can",15.5 oz,1.09,2026-03-25
SIMPLY NATURE,"Raw Cashews, Walnuts and Macadamia Nuts, 8 oz",8 oz,4.19,2026-03-25
PARK STREET DELI,"Classic Chicken Salad Mini Cups, 4 pack",12 oz,5.39,2026-03-25
SOUTHERN GROVE,"Pistachios in Shell, 1 lb",16 oz,6.95,2026-03-25
SEASON'S CHOICE,"Garlic Riced Cauliflower, 12 oz",12 oz,1.89,2026-03-25
FIT & ACTIVE,"Vitality Cereal with Red Berries, 11.2 oz",11.2 oz,2.99,2026-03-25
NATURE'S NECTAR,"Pulp Free Orange Juice, 52 fl oz",52 fl oz,4.15,2026-03-25
LUNCH MATE,"Honey Smoked Turkey Breast, 9 oz",9 oz,3.75,2026-03-25
LUNCH MATE,"Rotisserie Chicken Breast, 9 oz",9 oz,3.75,2026-03-25
SIMPLY NATURE,"Original Organic Soymilk, 64 fl oz",64 fl oz,3.85,2026-03-25
MILLVILLE,"Oats 'n Honey Protein Crunchy Granola, 11 oz",11 oz,2.99,2026-03-25
ELEVATION,"Peanut Butter Cookie Pure and Simple Fruit and Nut Bars, 5 count",5 ct,4.39,2026-03-25
SIMPLY NATURE,"Brown Milled Flax Seed, 16 oz",16 oz,3.85,2026-03-25
MILLVILLE,"Oats 'n Dark Chocolate Protein Crunchy Granola, 11 oz",11 oz,2.99,2026-03-25
MILLVILLE,"Cranberries and Almonds Protein Crunchy Granola, 11 oz",11 oz,2.99,2026-03-25
SOUTHERN GROVE,"Dried Cranberries, 6 oz",6 oz,1.89,2026-03-25
LUNCH MATE,"Oven Roasted Turkey Breast, 9 oz",9 oz,3.75,2026-03-25
LUNCH MATE,"Uncured Honey Ham, 9 oz",9 oz,3.75,2026-03-25
LUNCH MATE,"Uncured Smoked Ham, 9 oz",9 oz,3.75,2026-03-25
LUNCH MATE,"Mesquite Smoked Turkey Breast, 9 oz",9 oz,3.75,2026-03-25
LIVEGFREE,"Gluten Free Pancake and Baking Mix, 16 oz",16 oz,3.25,2026-03-25
LUNCH BUDDIES,"Unsweetened Applesauce Cups, 6 count",6 x 4 oz,2.15,2026-03-25
MILLVILLE,"Raspberry Fruit and Grain Cereal Bars, 8 count",8 ct,1.95,2026-03-25
SIMPLY NATURE,"Organic Apple Cinnamon Instant Oatmeal Packets, 8 count",11.29 oz,2.95,2026-03-25
LUNCH MATE,"Family Size Low Sodium Oven Roasted Turkey, 15 oz",15 oz,6.29,2026-03-25
SIMPLY NATURE,"Organic Sea Salt Popcorn, 6 oz",6 oz,3.65,2026-03-25
SIMPLY NATURE,"Organic Peru Whole Bean Medium Roast Coffee, 12 oz",12 oz,8.79,2026-03-25
PARK STREET DELI,"Pine Nut Hummus, 10 oz",10 oz,2.85,2026-03-25
SIMPLY NATURE,"Organic Salsa Medium, 16 oz",16 oz,2.75,2026-03-25
SIMPLY NATURE,"Organic Salsa Hot, 16 oz",16 oz,2.75,2026-03-25
SIMPLY NATURE,"Organic Salsa Mild, 16 oz",16 oz,2.75,2026-03-25
ELEVATION,"Chocolate Peanut Butter Protein Meal Bars, 6 count",6 ct,5.05,2026-03-25
LIVEGFREE,"Gluten Free Brownie Mix, 16 oz",16 oz,3.25,2026-03-25
SIMPLY NATURE,"Organic Marinara Pasta Sauce, 23.5 oz",24 oz,2.45,2026-03-25
SPECIALLY SELECTED,"Kalamata Pitted Olives, 6 oz",6 oz,2.55,2026-03-25
SIMPLY NATURE,"Organic Tomato Basil Pasta Sauce, 23.5 oz",25 oz,2.45,2026-03-25
MILLVILLE,"Mixed Berry Fruit and Grain Cereal Bars, 8 count",8 ct,1.95,2026-03-25
CLANCY'S,"Veggie Straws, 7 oz",7 oz,3.09,2026-03-25
KIRKWOOD,"Grilled Chicken Breast Strips, 22 oz",22 oz,8.25,2026-03-25
HAPPY FARMS,"Mozzarella String Cheese, 12 count",12 oz,3.45,2026-03-25
SIMPLY NATURE,"Organic Grass Fed 85% Lean Ground Beef, 1 lb",1 lb,6.59,2026-03-25
SOUTHERN GROVE,"California Raisin Boxes, 6 count",6 x 1 oz,2.15,2026-03-25
EARTHLY GRAINS,"Instant White Rice, 28 oz",28 oz,2.99,2026-03-25
SIMPLY NATURE,"Organic Spaghetti, 1 lb",16 oz,2.09,2026-03-25
SIMPLY NATURE,"Organic Linguine, 1 lb",16 oz,2.09,2026-03-25
EARTHLY GRAINS,"Roasted Garlic Couscous, 5.8 oz",5.8 oz,1.85,2026-03-25
FRIENDLY FARMS,"Low Fat Small Curd Cottage Cheese, 24 oz",24 oz,3.15,2026-03-25
SOUTHERN GROVE,"Sliced Almonds, 6 oz",6 oz,3.09,2026-03-25
SOUTHERN GROVE,"Slivered Almonds, 6 oz",6 oz,3.09,2026-03-25
PURAQUA,"Purified Water - 24 pack, 16.9 fl oz Bottles",24 x 16.9 fl oz,3.45,2026-03-25
PURAQUA,"Natural Spring Water - 24 pack, 16.9 fl oz Bottles",24 x 16.9 fl oz,4.39,2026-03-25
HAPPY FARMS,"Deli Sliced Colby Jack Cheese, 7.5 oz",7.5 oz,1.65,2026-03-25
BURMAN'S,"Soy Sauce, 15 fl oz",15 fl oz,1.75,2026-03-25
MILLVILLE,"Apple Cinnamon Fruit and Grain Cereal Bars, 8 count",8 ct,1.95,2026-03-25
PEANUT DELIGHT,"Natural Creamy Peanut Butter, 16 oz",16 oz,2.15,2026-03-25
SIMPLY NATURE,"Organic Garlic Hummus, 8 oz",8 oz,2.85,2026-03-25
SIMPLY NATURE,"Unsweetened Applesauce, 46 oz",46 oz,3.29,2026-03-25
SIMPLY NATURE,"Organic Arugula and Spinach Mix, 5 oz",5 oz,2.85,2026-03-25
SIMMS,"Beef Sausage Snack Sticks, 7 oz",7 oz,4.29,2026-03-25
FIT & ACTIVE,"Lightly Salted Rice Cakes, 4.9 oz",4.9 oz,3.25,2026-03-25
SIMPLY NATURE,"Freeze Dried Fuji Apples, 1.2 oz",1.2 oz,3.29,2026-03-25
SAVORITZ,"Regular Small Curd Cottage Cheese, 24 oz",24 oz,3.15,2026-03-25
SIMPLY NATURE,"Organic Wildflower Honey, 12 oz",12 oz,4.39,2026-03-25
SIMPLY NATURE,"Sprouted 7 Grain Bread, 16 oz",16 oz,3.95,2026-03-25
LIVEGFREE,"Gluten Free Sweet Chili Brown Rice Crisps, 7 oz",7 oz,2.99,2026-03-25
SOUTHERN GROVE,"Pitted Dried Prunes, 18 oz",18 oz,6.39,2026-03-25
SPECIALLY SELECTED,"Wild Caught Ahi Tuna, per lb",12 oz,5.35,2026-03-25
SIMPLY NATURE,"Organic Fruit Snacks, 12 count",9.6 oz,5.45,2026-03-25
SIMPLY NATURE,"Organic Extra Virgin Olive Oil, 16.9 fl oz",16.9 fl oz,7.99,2026-03-25
SIMPLY NATURE,"Organic Original Unsweetened Almondmilk, 64 fl oz",64 fl oz,3.75,2026-03-25
SIMPLY NATURE,"Organic Smoked Turkey Breast, 6 oz",6 oz,4.69,2026-03-25
SIMPLY NATURE,"Organic Fat Free Chicken Bone Broth, 32 oz",32 oz,3.85,2026-03-25
SPECIALLY SELECTED,"Raw Honey, 24 oz",24 oz,7.15,2026-03-25
SIMPLY NATURE,"Creamy Almond Butter, 12 oz",12 oz,3.85,2026-03-25
EARTHLY GRAINS,"Parmesan Couscous, 5.9 oz",5.9 oz,1.85,2026-03-25
SEASON'S CHOICE,"Steamable Frozen Asian Medley, 12 oz",12 oz,1.75,2026-03-25
SIMPLY NATURE,"White Cheddar Puffs, 4 oz",4 oz,3.29,2026-03-25
DAKOTA'S PRIDE,"USDA Organic Pinto Beans, 15.5 oz Can",15.5 oz,1.09,2026-03-25
SIMPLY NATURE,"Organic Creamy Peanut Butter, 16 oz",16 oz,5.05,2026-03-25
SIMPLY NATURE,"Organic Yellow Corn Tortilla Chips, 11 oz",11 oz,2.99,2026-03-25
HAPPY FARMS,"Light Mozzarella String Cheese, 10 oz",10 oz,3.45,2026-03-25
SIMPLY NATURE,"Sweet Potato Chips, 7 oz",7 oz,4.15,2026-03-25
SIMPLY NATURE,"Fair Trade Organic Extra Bold Medium Roast Coffee Pods, 12 count",12 ct,5.49,2026-03-25
FIT & ACTIVE,"Caramel Corn Rice Cakes, 6.56 oz",6.56 oz,3.25,2026-03-25
LUNCH BUDDIES,"Original Applesauce Cups, 6 count",6 x 4 oz,2.15,2026-03-25
SIMPLY NATURE,"Organic Chicken Broth, 32 oz",32 oz,2.19,2026-03-25
SOUTHERN GROVE,"Roasted Pepitas, 6 oz",6 oz,2.55,2026-03-25
SIMPLY NATURE,"Organic Fruit Punch Juice - 8 pack, 6.75 fl oz box",8 x 6.75 fl oz,3.85,2026-03-25
NORTHERN CATCH,"Original Chunk Light Tuna in Water Pouch, 2.5 oz",2.5 oz,0.89,2026-03-25
NORTHERN CATCH,"Zesty Lemon Pepper Tuna in Water Pouch, 2.5 oz",2.5 oz,0.89,2026-03-25
EMPORIUM SELECTION,"Feta Traditional Cheese, 8 oz",8 oz,3.85,2026-03-25
NORTHERN CATCH,"Sweet and Spicy Tuna in Water Pouch, 2.5 oz",2.5 oz,0.89,2026-03-25
SIMPLY NATURE,"Shredded Organic Mexican Cheese Blend, 6 oz",6 oz,3.09,2026-03-25
SIMPLY NATURE,"Organic Caesar Dressing, 12 fl oz",12 fl oz,3.85,2026-03-25
SIMPLY NATURE,"Organic Spring Mix, 16 oz",16 oz,5.39,2026-03-25
SIMPLY NATURE,"Organic Ground Cinnamon, 1.5 oz",1.5 oz,2.19,2026-03-25
BENTON'S,"Fig Bars, 14 oz",14 oz,2.75,2026-03-25
SIMPLY NATURE,"Organic 100% 7 Super Fruits Juice, 33.8 fl oz",33.8 fl oz,4.19,2026-03-25
FRIENDLY FARMS,"Original Unsweetened Almondmilk, 64 fl oz",64 fl oz,2.55,2026-03-25
SIMMS,"Turkey Sausage Snack Sticks, 8 oz",8 oz,4.29,2026-03-25
SIMPLY NATURE,"Organic Honduran Whole Bean Medium Roast Coffee, 12 oz",12 oz,8.79,2026-03-25
SIMPLY NATURE,"Organic Quinoa, 16 oz",16 oz,3.69,2026-03-25
SIMPLY NATURE,"Organic Aged Balsamic Dressing, 12 fl oz",12 fl oz,3.85,2026-03-25
SIMPLY NATURE,"Organic Poppyseed Dressing, 12 fl oz",12 fl oz,3.85,2026-03-25
LIVEGFREE,"Gluten Free Yellow Cake Mix, 15 oz",15 oz,3.25,2026-03-25
STONEMILL,"Everything Bagel Seasoning, 2.3 oz",2.3 oz,1.99,2026-03-25
SIMPLY NATURE,"Organic Cage Free Brown Eggs, 1 dozen",12 ct,4.69,2026-03-25
SIMPLY NATURE,"Organic Whole Milk Plain Greek Yogurt, 32 oz",32 oz,6.95,2026-03-25
SIMPLY NATURE,"Organic Whole Milk Vanilla Bean Greek Yogurt, 32 oz",32 oz,6.95,2026-03-25
SEASON'S CHOICE,"Frozen Berry Medley, 32 oz",32 oz,7.69,2026-03-25
PURAQUA,"Flavored Water Bottles - 24 pack, 16 fl oz",24 x 16 fl oz,8.05,2026-03-25
SIMPLY NATURE,"Organic 2% Milk, 64 fl oz",64 fl oz,4.25,2026-03-25
ELEVATION,"Vanilla Protein Powder, 2 lb",2 lb,20.15,2026-03-25
ELEVATION,"Chocolate Protein Powder, 2 lb",2 lb,20.15,2026-03-25
SIMPLY NATURE,"Organic Ground Turmeric, 1.37 oz",1.37 oz,2.19,2026-03-25
SIMPLY NATURE,"Pure Avocado Oil, 17 fl oz",17 fl oz,8.25,2026-03-25
SEASON'S CHOICE,"Steamable Frozen California Medley Vegetables, 12 oz",12 oz,1.29,2026-03-25
SIMPLY NATURE,"Organic Oil and Vinegar Dressing, 12 fl oz",12 fl oz,3.85,2026-03-25
EMPORIUM SELECTION,"Tomato and Basil Feta Cheese Block, 8 oz",8 oz,3.85,2026-03-25
SIMPLY NATURE,"Organic Oven Roasted Turkey Breast, 6 oz",6 oz,4.69,2026-03-25
SIMPLY NATURE,"Steamable Frozen Organic Broccoli, 10 oz",10 oz,2.39,2026-03-25
SIMPLY NATURE,"Steamable Frozen Organic Spinach, 10 oz",10 oz,2.39,2026-03-25
MAMA COZZI'S PIZZA KITCHEN,"12"" Uncured Pepperoni Cauliflower Crust Deli Pizza, 17 oz",17 oz,9.15,2026-03-25
LUNCH MATE,"Original Grilled Chicken Strips with Rib Meat, 6 oz",6 oz,2.99,2026-03-25
LUNCH MATE,"Southwestern Grilled Chicken Strips with Rib Meat, 6 oz",6 oz,2.99,2026-03-25
MAMA COZZI'S PIZZA KITCHEN,"12"" Veggie Cauliflower Crust Deli Pizza, 17.6 oz",17.6 oz,9.15,2026-03-25
FRIENDLY FARMS,"Mixed Berry Protein Blended Nonfat Greek Yogurt Cups, 4 count",4 x 5.3 oz,4.09,2026-03-25
PERFECT BAR,"Peanut Butter Perfect Bar, 2.5 oz",2.5 oz,2.75,2026-03-25
EARTH GROWN,"Organic Extra Firm Tofu, 14 oz",14 oz,1.75,2026-03-25
ELEVATION,"Chocolate Ready to Drink Protein Shake, 4 count",4 ct,7.89,2026-03-25
SIMMS,"Zero Sugar Original Smoked Snack Sticks, 9.5 oz",9.5 oz,8.05,2026-03-25
L'OVEN FRESH,"Red Pepper Hummus Protein Wraps, 12 oz",12 oz,3.29,2026-03-25
SIMPLY NATURE,"Cheddar Cauliflower Crackers, 4 oz",4 oz,2.99,2026-03-25
MILLVILLE,"Kids Fruit and Grain Apple Cinnamon Mini Bars, 10 count",10 ct,4.29,2026-03-25
MILLVILLE,"Kids Fruit and Grain Strawberry Mini Bars, 10 count",10 ct,4.29,2026-03-25
FRIENDLY FARMS,"Original Oatmilk, 64 fl oz",64 fl oz,4.39,2026-03-25
,"Baby Peeled Carrots, 16 oz",16 oz,1.09,2026-03-25
SAVORITZ,"Rosemary Olive Oil Woven Wheat Crackers, 9 oz",9 oz,2.75,2026-03-25
,"Celery, each",1 each,2.05,2026-03-25
SIMPLY NATURE,"Seedtastic Organic Bread, 27 oz",27 oz,4.39,2026-03-25
FRIENDLY FARMS,"Vanilla Protein Blended Nonfat Greek Yogurt Cups, 4 count",4 x 5.3 oz,4.09,2026-03-25
VITALIFE,"Organic Mixed Berry Kombucha, 16 fl oz",16 fl oz,2.19,2026-03-25
SIMPLY NATURE,"Organic White Mild Cheddar Cheese Slices, 6 oz",6 oz,3.25,2026-03-25
SIMPLY NATURE,"Organic Raw Unsalted Cashews, 14 oz",14 oz,8.25,2026-03-25
SIMPLY NATURE,"Organic Black Forest Ham, 6 oz",6 oz,4.69,2026-03-25
ELEVATION,"Dark Chocolate Sea Salt Maxx Bar, 4 count",7.3 oz,5.49,2026-03-25
SIMPLY NATURE,"Organic Grass Fed 93% Lean Ground Beef, 1 lb",1 lb,8.05,2026-03-25
BOLTHOUSE FARMS,"Strawberry Banana Smoothie, 52 fl oz",52 fl oz,6.59,2026-03-25
STONEMILL,"Asiago Cheese Bagel Seasoning, 2.4 oz",2.4 oz,1.99,2026-03-25
SIMPLY NATURE,"Organic Roasted Salted Cashews, 14 oz",14 oz,8.25,2026-03-25
PARK STREET DELI,"Turkey Club Wrap, 8 oz",8 oz,4.39,2026-03-25
ELEVATION,"Blueberry Maxx Bars, 4 Bars",7.3 oz,5.49,2026-03-25
CLANCY'S,"Ranch Veggie Straws, 7 oz",7 oz,3.09,2026-03-25
SIMPLY NATURE,"Organic Butternut Squash, 10 oz",10 oz,2.75,2026-03-25
ELEVATION,"Chocolate Meal Replacement Shake, 6 count",66 fl oz,8.25,2026-03-25
SIMPLY NATURE,"Avocado Oil Cooking Spray, 4.7 fl oz",4.7 fl oz,3.69,2026-03-25
SIMPLY NATURE,"Organic Frozen Sweet Potatoes, 10 oz",10 oz,2.75,2026-03-25
ELEVATION,"Cookies 'N Cream Protein Bar, 4 count",2.05 oz,3.85,2026-03-25
SIMPLY NATURE,Organic Chicken Breast Strips,1.25 lb,9.11,2026-03-25
PARK STREET DELI,"Cheddar, Cherry Juice-Infused Dried Cranberries & Sea Salt Roasted Cashew Splits, 4.5 oz",4.5 oz,2.85,2026-03-25
SIMPLY NATURE,"Organic Thin Sliced Chicken Breast Fillets, per lb",1.25 lb,8.11,2026-03-25
SIMPLY NATURE,"Organic Raw Cashews, 14 oz",14 oz,8.25,2026-03-25
PARK STREET DELI,"Prosciutto, Provolone Cheese and Breadsticks, 3 oz",3 oz,2.65,2026-03-25
SIMPLY NATURE,"Organic Chicken Breasts, per lb",1 lb,5.79,2026-03-25
MILLVILLE,"Mixed Berry Greek Yogurt Protein Chewy Granola Bars, 5 count",5 ct,3.95,2026-03-25
ELEVATION,"Gluten Free Cookie Dough Protein Energy Bars, 6 count",6 ct,5.49,2026-03-25
STONEMILL,"Jalapeno Bagel Seasoning, 2.3 oz",2.3 oz,1.99,2026-03-25
MILLVILLE,"Dark Chocolate Peanut Butter Protein Chewy Granola Bars, 5 count",6 ct,2.75,2026-03-25
ELEVATION,"Chocolate Peanut Butter High Protein Bars, 6 count",6 ct,7.15,2026-03-25
SIMPLY NATURE,"Organic 100% Gold Fusion Juice, 33.8 fl oz",33.8 fl oz,4.19,2026-03-25
PERFECT BAR,"Dark Chocolate Chip Peanut Butter Perfect Bar, 2.3 oz",2.3 oz,2.75,2026-03-25
SIMMS,"Zero Sugar Spicy Jalapeno Smoked Snack Sticks, 9.5 oz",9.5 oz,8.05,2026-03-25
MILLVILLE,"Strawberry Greek Yogurt Protein Chewy Granola Bars, 5 count",5 ct,3.95,2026-03-25
PARK STREET DELI,"Cheddar, Dried Cranberries & Sea Salt Roasted Almonds Snack Pack, 4.5 oz",4.5 oz,2.85,2026-03-25
SAVORITZ,"Cracked Pepper Woven Wheat Crackers, 9 oz",9 oz,2.75,2026-03-25
BOLTHOUSE FARMS,"Green Goodness Smoothie, 52 fl oz",52 fl oz,6.59,2026-03-25
L'OVEN FRESH,"Plain Bagel Skinnys, 8 Bagels",13 oz,3.29,2026-03-25
VITALIFE,"Organic Ginger Lemon Kombucha, 16 fl oz",16 fl oz,2.19,2026-03-25
SIMPLY NATURE,"Organic Basil Stir in Paste, 2.8 oz",2.8 oz,2.45,2026-03-25
SIMPLY NATURE,"Organic Ginger Stir in Paste, 2.8 oz",2.8 oz,2.45,2026-03-25
PARK STREET DELI,"Italian Wrap, 8.2 oz",8.2 oz,4.39,2026-03-25
EGGLIFE,"Original Egg Wrap, 6 oz",6 oz,5.49,2026-03-25
PARK STREET DELI,"Pepper Jack, Raisins & Honey Roasted Peanuts, 4.5 oz",4.5 oz,2.85,2026-03-25
FRIENDLY FARMS,"Moo Tubes Cotton Candy and Melonberry Lowfat Yogurt, 8 count",8 x 2 oz,2.05,2026-03-25
SIMPLY NATURE,"Graintastic Organic Bread, 27 oz",27 oz,4.39,2026-03-25
L'OVEN FRESH,"Pre-Sliced Bagel Skinnys, 8 count",13 oz,3.29,2026-03-25
L'OVEN FRESH,"Plain Protein Wraps, 12 oz",12 oz,3.29,2026-03-25
VITALIFE,"Kick it in the Ginger Shot, 2 fl oz",2 fl oz,1.89,2026-03-25
ELEVATION,"Vanilla Ready to Drink Protein Shake, 4 count",4 ct,7.89,2026-03-25
ELEVATION,"Gluten Free Yogurt Honey Peanut Protein Energy Bars, 6 count",6 ct,5.49,2026-03-25
MILLVILLE,"Peanut, Dark Chocolate & Almond Protein Chewy Granola Bars, 5 count",,2.75,2026-03-25
VITALIFE,"The Golden Child Turmeric Shot, 2 fl oz",2 fl oz,1.89,2026-03-25
BABYBEL,"Original Mini Cheese, 6 count",4.2 oz,4.05,2026-03-25
MILLVILLE,"Dark Chocolate Peanut Butter Protein Chewy Granola Bars, 5 count",5 ct.,2.75,2026-03-25
PARK STREET DELI,"Genoa Salami, Provolone Cheese and Breadsticks, 3 oz",3 oz,2.65,2026-03-25
ELEVATION,"Chocolate Mint High Protein Bars, 6 count",6 ct,7.15,2026-03-25
FRIENDLY FARMS,"Moo Tubes Strawberry and Blueberry Lowfat Yogurt, 8 count",8 x 2 oz,2.05,2026-03-25
SIMPLY NATURE,"Sea Salt Cauliflower Crackers, 4 oz",4 oz,2.99,2026-03-25
MILLVILLE,"Peanut, Dark Chocolate & Almond Protein Chewy Granola Bars, 5 count",6 ct,2.75,2026-03-25
SIMPLY NATURE,"Organic Garlic Stir in Paste, 2.8 oz",2.8 oz,2.45,2026-03-25
SIMPLY NATURE,"Chickpea Penne, 12 oz",12 oz,3.45,2026-03-25
ELEVATION,"Jalapeno Cheddar Protein Puffs, 2.1 oz",2.1 oz,3.29,2026-03-25
FRIENDLY FARMS,"Low Sugar Vanilla Greek Yogurt, 32 oz",32 oz,5.49,2026-03-25
FRIENDLY FARMS,"Low Sugar Plain Greek Yogurt, 32 oz",32 oz,5.49,2026-03-25
,"Atlantic Salmon Portions, per lb",1 lb,8.99,2026-03-25
SIMPLY NATURE,"Non GMO Grapeseed Oil Spray, 4.7 fl oz",4.7 fl oz,3.69,2026-03-25
SIMPLY NATURE,"Non GMO Olive Oil Spray, 4.7 fl oz",4.7 fl oz,3.69,2026-03-25
SIMPLY NATURE,"Chickpea Rotini, 12 oz",12 oz,3.45,2026-03-25
PARK STREET DELI,"Mild Cheddar Cheese and Beef Sausage Bites, 4.5 oz",4.5 oz,3.75,2026-03-25
PARK STREET DELI,"Colby Jack Cheese and Turkey Sausage Bites, 4.5 oz",4.5 oz,3.75,2026-03-25
PRIANO,"Hot Genoa & Hot Provolone, 2.5 oz",2.5 oz,3.19,2026-03-25
PRIANO,"Genoa Salami & Provolone, 2.5 oz",2.5 oz,3.19,2026-03-25
PRIANO,"Parma Salami & Smoked Provolone, 2.5 oz",2.5 oz,3.19,2026-03-25
SEASON'S CHOICE,"Steamable Frozen Broccoli Stir Fry, 12 oz",12 oz,1.75,2026-03-25
BREAKFAST BEST,"Buttermilk & Vanilla Protein Waffle, 13.4 oz",13.4 oz,3.95,2026-03-25
MILLVILLE,"Chocolate Chip Protein Pancake & Waffle Mix, 18 oz",18 oz,3.85,2026-03-25
PURAQUA,"Lemon Lime Hydration with Electrolyte Drink Mix, 6 count",6 ct,3.19,2026-03-25
PURAQUA,"Passion Fruit Hydration with Electrolyte Drink Mix, 6 count",6 ct,3.19,2026-03-25
SIMPLY NATURE,"Organic String Cheese, 8 oz",8 oz,4.75,2026-03-25
FRIENDLY FARMS,"Low Sugar Vanilla Greek Yogurt, 4 count",4 x 5.3 oz,4.09,2026-03-25
FRIENDLY FARMS,"Low Sugar Strawberry Greek Yogurt, 4 count",4 x 5.3 oz,4.09,2026-03-25
NEVER ANY!,"Country Style Breakfast Chicken Sausage, 8 oz",8 oz,3.65,2026-03-25
NEVER ANY!,"Apple Maple Chicken Sausage, 8 oz",8 oz,3.65,2026-03-25
PURAQUA,"Watermelon Berry Probiotic Water, 16.9 fl oz",18 fl oz,1.85,2026-03-25
LIVEGFREE,"Gluten Free Sea Salt Brown Rice Crisps, 7 oz",7 oz,2.99,2026-03-25
SIMPLY NATURE,"Organic Maple Brown Sugar Instant Oatmeal, 8 count",11.29 oz,2.95,2026-03-25
BURMAN'S,"Reduced Sodium Soy Sauce, 15 fl oz",15 fl oz,1.75,2026-03-25
BURMAN'S,"Soy Sauce, 15 fl oz",15 fl oz,1.75,2026-03-25
SIMPLY NATURE,"Freeze Dried Fruit, 8 count",2.1 oz,6.05,2026-03-25
L'OVEN FRESH,"Original Low Carb Tortillas, 8 count",12 oz,3.75,2026-03-25
EARTH GROWN,"Taco Filling, 10 oz",10 oz,3.29,2026-03-25
EARTH GROWN,"Southwest Burrito Bowl, 10 oz",10 oz,3.29,2026-03-25
SAVORITZ,"Cheddar Cheese Crisp, 1.95 oz",1.95 oz,2.75,2026-03-25
PARK STREET DELI,"Pepperoni Charcuterie Snack, 3 oz",3 oz,2.65,2026-03-25
PARK STREET DELI,"Salami Charcuterie Snack, 3 oz",3 oz,2.65,2026-03-25
EGGLIFE,"Garden Salsa Egg Wrap, 6 oz",6 oz,5.49,2026-03-25
CHOMPS,"Original Beef Chomplings Mini Sticks, 6 count",3 oz,7.59,2026-03-25
LUNCH BUDDIES,"Crustless Peanut Butter & Grape Jelly Sandwiches, 4 Pack",8.8 oz,3.29,2026-03-25
CHOMPS,"Chomps Original Beef Sticks, 1.15 oz",1.15 oz,2.65,2026-03-25
CHOMPS,"Chomps Jalapeno Beef Sticks, 1.15 oz",1.15 oz,2.65,2026-03-25
BUILT BARS,"Brownie Batter Protein Bars, 4 count",5.64 oz,9.69,2026-03-25
FRIENDLY FARMS,"Plain Kefir Unsweetened Low Fat Milk , 32 fl oz bottle",32 oz,3.29,2026-03-25
FRIENDLY FARMS,"Kefir Strawberry Flavored Low Fat Milk, 32 fl oz bottle",32 oz,3.29,2026-03-25
FRIENDLY FARMS,"Kefir Blueberry Flavored Low Fat Milk, 32 fl oz bottle",32 oz,3.29,2026-03-25
EARTH GROWN,"Butter Chickpea & Veggie, 10.5 oz",10.05 oz,3.15,2026-03-25
EARTH GROWN,"Lentil and Veggie Tikka Masala, 10.5 oz",10.05 oz,3.15,2026-03-25
EARTH GROWN,"Chickpea and Korma, 10.5 oz",10.05 oz,3.15,2026-03-25
SIMPLY NATURE,"Raw Almond, Pecan & Pistachios Kernels, 8 oz",8 oz,4.19,2026-03-25
FREMONT FISH MARKET,"Large Raw Peeled Shrimp Family Pack, 32 oz",32 oz,18.15,2026-03-25
ELEVATION,"Gluten Free Golden Vanilla Cream Protein Bar, 4 count",2.05 oz,3.85,2026-03-25
CHOMPS,"Original Turkey Chomplings Mini Sticks, 6 count",3 oz,7.59,2026-03-25
EARTHLY GRAINS,"Jasmine Rice, 5 lb",5 lb,7.05,2026-03-25
PURAQUA,"Strawberry Hydration Drink Mix Sticks, 6 count",6 ct,3.19,2026-03-25
POPPI,"Orange Flavor Soda Can, 12 fl oz",12 fl oz,2.09,2026-03-25
POPPI,"Cherry Limeade Soda Can, 12 fl oz",12 fl oz,2.09,2026-03-25
POPPI,"Raspberry Rose Flavor Soda Can, 12 fl oz",12 fl oz,2.09,2026-03-25
POPPI,"Strawberry Lemon Flavor Soda Can, 12 fl oz",12 fl oz,2.09,2026-03-25
CLANCY'S,"Gluten Free White Cheddar Popcorn Chips, 7 oz",7 oz,3.09,2026-03-25
CLANCY'S,"Gluten Free Kettle Popcorn Chips, 7 oz",7 oz,3.09,2026-03-25
CHEESE CLUB,"Chickpea Mac & Cheese Elbows with Classic Cheddar, 5.5 oz",5.5 oz,2.99,2026-03-25
PARK STREET DELI,"Mild Cantina Salsa, 16 oz",16 oz,2.65,2026-03-25
PARK STREET DELI,"Medium Cantina Salsa, 16 oz",16 oz,2.65,2026-03-25
LUNCH BUDDIES,"Dino & Dragon Shaped Fruit Flavored Snacks, 10 count",8 oz,2.85,2026-03-25
PARK STREET DELI,"Gluten Free Peanut Butter Bar, 2.5 oz",2.29 oz,2.09,2026-03-25
PARK STREET DELI,"Gluten Free Dark Chocolate Chip Peanut Butter Bar, 2.3 oz",2.5 oz,2.09,2026-03-25
POPPI,"Lemon Lime Prebiotic Soda, 4 Pack",4 x 12 fl oz,8.25,2026-03-25
POPPI,"Strawberry Lemon Prebiotic Soda, 4 Pack",4 x 12 fl oz,8.25,2026-03-25
EGGLIFE,"Roasted Garlic & Herb Egg White Wraps, 6 count",6 oz,5.49,2026-03-25
REAL COCO,"Organic Coconut Water, 16.9 fl oz",500 mL,2.75,2026-03-25
SIMPLY NATURE,"Organic Smoked Paprika, 1.9 oz",1.6 oz,2.19,2026-03-25
PARK STREET DELI,"Cheddar & Broccoli Quiche, 23 oz",23 oz,10.45,2026-03-25
PARK STREET DELI,"Ham & Swiss Quiche, 23 oz",23 oz,10.45,2026-03-25
SIMPLY NATURE,"Organic Onion Powder, 2.3 oz",2 oz,2.19,2026-03-25
FRIENDLY FARMS,"Strawberry Banana Flavored Drinkable Greek Yogurt, 7 fl oz",7 fl oz,1.65,2026-03-25
FRIENDLY FARMS,"Mixed Berry Flavored Drinkable Greek Yogurt, 7 fl oz",7 fl oz,1.65,2026-03-25
SOUTHERN GROVE,"On The Go Sweet Variety Nut Packs, 12 Snack Packs",12 oz,8.79,2026-03-25
SOUTHERN GROVE,"On The Go Salty Variety Nut Packs, 12 Snack Packs",10.8 oz,8.79,2026-03-25
MILLVILLE,"Buttermilk Protein Pancake & Waffle Mix, 20 oz",20 oz,3.85,2026-03-25
PURAQUA,"Berry Cherry Flavored Probiotic Water, 18 fl oz",18 fl oz,1.85,2026-03-25
PURAQUA,"Blueberry Lemonade Flavored Probiotic Water, 18 fl oz",18 fl oz,1.85,2026-03-25
PURAQUA,"Strawberry Lemonade Flavored Probiotic Water, 18 fl oz",18 fl oz,1.85,2026-03-25
CLANCY'S,"Original Fried Pork Rinds, 5 oz",,1.99,2026-03-25
CLANCY'S,"Hot & Spicy Fried Pork Rinds, 5 oz",,1.99,2026-03-25
HAPPY FARMS,"Gouda Cheese Snack Sticks, 12 count",9 oz,3.19,2026-03-25
HAPPY FARMS,"Habanero Jack Cheese Snack Sticks, 12 count",9 oz,3.19,2026-03-25
SIMMS,"Original Premium Cut Beef Jerky, 5 oz",5 oz,6.05,2026-03-25
SIMMS,"Jumbo Size Teriyaki Beef Jerky, 5 oz",5 oz,6.05,2026-03-25
SIMMS,"Peppered Premium Cut Beef Jerky, 5 oz",5 oz,6.05,2026-03-25
SOUTHERN GROVE,"Almond, Cranberry & Cashew Trail Mix, 20 oz",20 oz,5.49,2026-03-25
SOUTHERN GROVE,"Honey Nut Trail Mix, 19 oz",19 oz,5.49,2026-03-25
FRIENDLY FARMS,"Fat Free Plain Greek Yogurt, 32 oz",32 oz,5.45,2026-03-25
POPPI,"Doc Pop Probiotic Soda, 12 fl oz",12 fl oz,2.09,2026-03-25
POPPI,"Orange Cream Prebiotic Soda, 12 fl oz",12 fl oz,2.09,2026-03-25
POPPI,"Cherry Cola Probiotic Soda, 12 fl oz",12 fl oz,2.09,2026-03-25
POPPI,"Wild Berry Prebiotic Soda, 12 fl oz",12 fl oz,2.09,2026-03-25
SIMMS,"Jalapeno Grass Fed Beef Sticks, 8 count",9.2 oz,14.29,2026-03-25
SIMPLY NATURE,"Organic Gluten Free Dark Chocolate Coconut Clusters, 10 oz",10 oz,6.05,2026-03-25
SIMPLY NATURE,"Organic Gluten Free Super Seed Coconut Clusters, 10 oz",10 oz,6.05,2026-03-25
SIMPLY NATURE,"Organic Jasmine Rice, 8.8 oz",8.8 oz,2.19,2026-03-25
CLANCY'S,"Gluten Free Tortilla Chips with Sea Salt, 5 oz",5 oz,3.55,2026-03-25
CLANCY'S,"Gluten Free Lime Tortilla Chips, 5 oz",5 oz,3.55,2026-03-25
MILLVILLE,"Blueberry Fruit & Grain Bars, 8 count",8 ct,1.95,2026-03-25
CLANCY'S,"Teriyaki Roasted Seaweed Snacks, 3 Pack",0.51 oz,2.19,2026-03-25
CLANCY'S,"Sea Salt & Vinegar Avocado Oil Kettle Chips, 5 oz",5 oz,3.09,2026-03-25
CLANCY'S,"Chipotle BBQ Avocado Oil Kettle Chips, 5 oz",5 oz,3.09,2026-03-25
ELEVATION,"Vanilla Flavored Ultra Filtered Milkshake – 4 Pack, 11.5 fl oz",46 fl oz,8.79,2026-03-25
PARK STREET DELI,Roasted Red Pepper & Egg White Sous-Vide Egg Bites,9.2 oz,6.59,2026-03-25
SIMMS,"Zero Sugar Black Pepper Beef Jerky, 4.25 oz",4.25 oz,7.15,2026-03-25
SIMMS,"Original Zero Sugar Beef Jerky, 4.25 oz",4.25 oz,7.15,2026-03-25
PARK STREET DELI,"Chocolate Protein Pudding Cup, 5 oz",5 oz,1.55,2026-03-25
PARK STREET DELI,"Vanilla Protein Pudding Cup, 5 oz",5 oz,1.55,2026-03-25
REGGANO,"Plant Based Protein Penne Pasta, 14.5 oz",14.5 oz,2.15,2026-03-25
REGGANO,"Plant Based Protein Rotini Pasta, 14.5 oz",14.5 oz,2.15,2026-03-25
NATURE'S NATURE,"Organic Pressed Coconut Water, 16.9 fl oz",,2.19,2026-03-25
SUMMIT,"Popz Berry Blast Flavored Prebiotic Soda, 12 fl oz",12 fl oz,1.65,2026-03-25
SUMMIT,"Popz Orange Mandarin Flavored Prebiotic Soda, 12 fl oz",12 fl oz,1.65,2026-03-25
SUMMIT,"Popz Passionfruit Guava Flavored Prebiotic Soda, 12 fl oz",12 fl oz,1.65,2026-03-25
SOUTHERN GROVE,"Roasted Pumpkin Seeds with Salt, 5 oz",6 oz,2.55,2026-03-25
BENTON'S,"Gluten Free Chocolate Chip Mini Cookies, 10 pouches",6.7 oz,4.95,2026-03-25
BENTON'S,"Gluten Free Birthday Cake Mini Cookies, 10 pouches",6.7 oz,4.95,2026-03-25
SOUTHERN GROVE,"Gluten Free Ginger Cranberry Coconut Clusters, 8 oz",,6.05,2026-03-25
SOUTHERN GROVE,"Gluten Free Ginger Mango Coconut Clusters, 8 oz",,6.05,2026-03-25
CHOMPS,Original Turkey Meat Stick,1.15 oz,2.65,2026-03-25
SOUTHERN GROVE,"Gluten Free Omega Trail Mix - 8 count, 1.5 oz pouch",12 oz,6.59,2026-03-25
SOUTHERN GROVE,"Gluten Free Trail Mix - 8 pack, 1.5 oz pouch",12 oz,6.59,2026-03-25
SAVORITZ,"Nordic Sourdough Sea Salt Crackers, 4.58 oz",4.58 oz,3.29,2026-03-25
SAVORITZ,"Nordic Sourdough Jalapeno Crackers, 4.58 oz",4.58 oz,3.29,2026-03-25
CLANCY'S,"Gluten Free Lightly Salted Pea Crisps, 3.3 oz",3.3 oz,2.19,2026-03-25
CLANCY'S,Gluten Free Sour Cream & Onion Flavored Lentil Loops,3.3 oz,2.19,2026-03-25
SIMPLY NATURE,"Organic Unrefined Coconut Oil, 14 fl oz",14 oz,5.49,2026-03-25
STONEMILL,"Parsley Flakes, 0.25 oz",0.25 oz,1.09,2026-03-25
STONEMILL,"Garlic Powder, 3.12 oz",3.12 oz,1.09,2026-03-25
SIMPLY NATURE,"Organic Whole Wheat Spaghetti, 16 oz",16 oz,2.09,2026-03-25
STONEMILL,"Brown Gravy Mix, 0.87 oz",0.87 oz,0.45,2026-03-25
CASA MAMITA,"Reduced Sodium Taco Seasoning Mix, 1 oz",1 oz,0.55,2026-03-25
SPECIALLY SELECTED,"Roasted Garlic Balsamic Vinaigrette Dressing, 12 fl oz",12 fl oz,2.99,2026-03-25
TUSCAN GARDEN,"Ranch Salad Dressing and Seasoning Mix, 1 oz",1 oz,0.65,2026-03-25
TUSCAN GARDEN,"Italian Salad Dressing and Seasoning Mix, 0.7 oz",0.7 oz,0.65,2026-03-25
REGGANO,"Spaghetti, 32 oz",32 oz,2.09,2026-03-25
REGGANO,"Ultimate Cheeseburger Cheesy Skillet Dinner Kit, 12.8 oz",12.8 oz,2.85,2026-03-25
SIMPLY NATURE,"Organic Apple Cider Vinegar, 33.8 fl oz",33.8 fl oz,4.95,2026-03-25
CHEF'S CUPBOARD,"Condensed Cream of Chicken Soup, 10.5 oz",10.5 oz,0.79,2026-03-25
CHEF'S CUPBOARD,"Fat Free Beef Broth, 32 oz",32 oz,1.39,2026-03-25
CHEF'S CUPBOARD,"Fat Free Beef Cooking Stock, 32 oz",32 oz,1.75,2026-03-25
SIMPLY NATURE,"Organic Low Sodium Chicken Broth, 32 oz",32 oz,2.19,2026-03-25
SIMPLY NATURE,"Organic Garlic Powder, 2.5 oz",2.5 oz,2.19,2026-03-25
SIMPLY NATURE,"USDA Organic Black Beans, 15 oz Can",15.5 oz,1.09,2026-03-25
DEUTSCHE KÜCHE,"German Style Sauerkraut, 24 oz",24 oz,1.89,2026-03-25
PARK STREET DELI,"Mild Fresh Cut Salsa, 16 oz",16 oz,2.65,2026-03-25
PARK STREET DELI,"Medium Fresh Cut Salsa, 16 oz",16 oz,2.65,2026-03-25
CHEF'S CUPBOARD,"Fat Free Vegetable Cooking Stock, 32 oz",32 oz,1.75,2026-03-25
BURMAN'S,"Teriyaki Stir Fry Sauce, 14.5 oz",14.5 oz,2.45,2026-03-25
EARTHLY GRAINS,"New Orleans Style Jambalaya Rice Mix, 8 oz",8 oz,1.75,2026-03-25
SWEET HARVEST,"Pineapple Chunks in 100% Pineapple Juice, 20 oz Can",20 oz,1.75,2026-03-25
SWEET HARVEST,"Pineapple Slices, 20 oz Can",20 oz,1.75,2026-03-25
PUEBLO LINDO,"Dry Black Beans, 32 oz",32 oz,3.15,2026-03-25
MILLVILLE,"Butter Flavored Pancake Syrup, 24 oz",24 fl oz,2.35,2026-03-25
STONEMILL,"Oregano Leaves, 0.75 oz",0.75 oz,1.09,2026-03-25
SIMPLY NATURE,"Organic Ground Cumin, 1.5 oz",1.5 oz,2.19,2026-03-25
CARLINI,"Pure Olive Oil, 16.9 fl oz",16.9 fl oz,6.25,2026-03-25
BURMAN'S,"Korma Curry Sauce, 15 oz",15 oz,4.09,2026-03-25
LUNCH BUDDIES,"Cinnamon Applesauce Cups, 6 count",6 x 4 oz,2.15,2026-03-25
PRIANO,"Roasted Garlic Alfredo Sauce, 15 oz",15 oz,1.95,2026-03-25
STONEMILL,"Italian Seasoning, 0.75 oz",0.75 oz,1.09,2026-03-25
STONEMILL,"Ground Cinnamon, 2.37 oz",2.37 oz,1.09,2026-03-25
CHEF'S CUPBOARD,"Four Cheese Homestyle Instant Mashed Potatoes, 4 oz",4 oz,1.09,2026-03-25
BAKER'S CORNER,"Marshmallows, 10 oz",10 oz,1.05,2026-03-25
EARTHLY GRAINS,"Rice Pilaf Mix, 6.09 oz",6.07 oz,1.09,2026-03-25
SIMPLY NATURE,"Organic Salted Butter, 16 oz",16 oz.,6.85,2026-03-25
BURMAN'S,"Tomato Ketchup, 38 oz",38 oz,2.15,2026-03-25
TUSCAN GARDEN,"Distilled White Vinegar, 32 fl oz",32 fl oz,1.75,2026-03-25
SIMPLY NATURE,"Organic Beef Bone Broth, 32 oz",32 oz,3.85,2026-03-25
TUSCAN GARDEN,"Distilled White Vinegar, 128 fl oz",128 fl oz,4.19,2026-03-25
DEUTSCHE KÜCHE,"Herring Fillets in Tomato Sauce, 7.05 oz",7.05 oz,1.69,2026-03-25
SIMPLY NATURE,"Organic Ketchup, 20 oz",20 oz,2.59,2026-03-25
SIMPLY NATURE,"Organic Chipotle Ranch Dressing, 12 fl oz",12 fl oz,3.85,2026-03-25
SIMPLY NATURE,"Organic Raspberry Preserves, 11 oz",11 oz,2.85,2026-03-25
STONEMILL,"Lemon Pepper Seasoning, 3.5 oz",3.5 oz,1.09,2026-03-25
STONEMILL,"Table Blend Salt Free Seasoning Blend, 2.5 oz",2.5 oz,2.19,2026-03-25
NORTHERN CATCH,"Smoked Oysters with Red Chili Pepper, 3 oz",3 oz,1.89,2026-03-25
REGGANO,"Creamy Beef Stroganoff Cheesy Skillet Dinner Kit, 11.6 oz",11.6 oz,2.85,2026-03-25
BAKER'S CORNER,"Baking Powder, 8.1 oz",8.1 oz,2.05,2026-03-25
CHEF'S CUPBOARD,Italian Breadcrumbs,15 oz,2.05,2026-03-25
TUSCAN GARDEN,"Zesty Italian Dressing, 16 fl oz",16 fl oz,2.15,2026-03-25
TUSCAN GARDEN,"Thousand Island Dressing, 16 fl oz",16 fl oz,2.15,2026-03-25
LUNCH BUDDIES,"Mandarin Orange Gel Bowls, 4 count",4 x 4.3 oz,2.09,2026-03-25
BURMAN'S,"Light Mayonnaise, 30 fl oz",30 fl oz,3.19,2026-03-25
LUNCH BUDDIES,"Peaches in Naturally Flavored Strawberry Gel Bowls, 4 count",4 x 4.3 oz,2.09,2026-03-25
LUNCH BUDDIES,"Mixed Fruit in Blackcherry Gel Bowls, 4 count",4 x 4.3 oz,2.09,2026-03-25
TUSCAN GARDEN,"Mild Giardiniera, 16 fl oz",16 fl oz,3.49,2026-03-25
PARK STREET DELI,"Kosher Dill Pickle Spears, 32 fl oz",32 fl oz,3.75,2026-03-25
LUNCH BUDDIES,"Pineapple Tidbits in 100% Fruit Juice, 4 Fruit Cups",4 x 4 oz,2.55,2026-03-25
SPECIALLY SELECTED,"Mac & Cheese Pesto Pasta, 6.5 oz",6.5 oz,2.75,2026-03-25
TUSCAN GARDEN,"Buttermilk Ranch Dressing, 16 fl oz",16 fl oz,2.15,2026-03-25
EARTHLY GRAINS,"Garlic and Herb Long Grain & Wild Rice Mix, 5.9 oz",5.9 oz,2.19,2026-03-25
BERRYHILL,"Clover Honey, 24 oz",24 oz,5.49,2026-03-25
DAKOTA'S PRIDE,"Pork & Beans in Tomato Sauce, 16 oz Can",16 oz,1.05,2026-03-25
BURMAN'S,"Hickory BBQ Sauce, 18 oz",18 oz,1.89,2026-03-25
CASA MAMITA,"Fat Free Refried Beans, 16 oz",16 oz,0.99,2026-03-25
SWEET HARVEST,"Yellow Cling Peach Slices in Extra Light Syrup, 14.75 oz",14.75 oz,1.65,2026-03-25
SWEET HARVEST,"Fruit Cocktail in Heavy Syrup, 15.25 oz",15.25 oz,1.75,2026-03-25
CHEF'S CUPBOARD,"Chicken Stuffing Mix, 6 oz",6 oz,1.05,2026-03-25
DEUTSCHE KÜCHE,"Herring Fillets in Mango Pepper Sauce, 7.05 oz",7.05 oz,1.69,2026-03-25
HAPPY HARVEST,"Tomato Paste, 6 oz",6 oz,0.95,2026-03-25
SPECIALLY SELECTED,"Dark Morello Sour Cherries in Syrup, 24 oz",24 oz,4.09,2026-03-25
SIMPLY NATURE,"Organic 90 Second Quinoa and Brown Rice, 8.8 oz",8.8 oz,2.19,2026-03-25
SIMPLY NATURE,Organic Blueberry Preserves 11 oz,11 oz,2.85,2026-03-25
BAKER'S CORNER,"Mini Marshmallows, 10 oz",10 oz,1.05,2026-03-25
NORTHERN CATCH,"Solid White Tuna in Water, 5 oz",5 oz,1.99,2026-03-25
STONEMILL,"Original Chili Seasoning Mix, 1.25 oz",1.25 oz,0.79,2026-03-25
STONEMILL,"Minced Garlic in Extra Virgin Olive Oil, 7 oz",7 oz,2.85,2026-03-25
EARTHLY GRAINS,"Chicken Flavored Rice Mix, 6.9 oz",6.9 oz,1.09,2026-03-25
SPECIALLY SELECTED,"Blackberry Fruit Spread with 75% Fruit, 9.95 oz",9.95 oz,2.75,2026-03-25
SPECIALLY SELECTED,"Strawberry Fruit Spread with 75% Fruit, 9.95 oz",9.95 oz,2.75,2026-03-25
BAKER'S CORNER,"Powdered Sugar, 32 oz",32 oz,2.05,2026-03-25
DAKOTA'S PRIDE,"USDA Organic Red Kidney Beans, 15.5 oz Can",15.5 oz,1.09,2026-03-25
BAKER'S CORNER,"Almond Flour, 16 oz",16 oz,6.39,2026-03-25
DAKOTA'S PRIDE,"Great Northern Beans, 15.5 oz Can",15.5 oz,0.95,2026-03-25
BERRYHILL,"Honey Bear, 12 oz",12 oz,3.69,2026-03-25
TUSCAN GARDEN,"Honey Mustard Dressing, 16 fl oz",16 fl oz,2.15,2026-03-25
TUSCAN GARDEN,"Ranch Dressing, 16 fl oz",16 fl oz,2.15,2026-03-25
TUSCAN GARDEN,"Italian Dressing, 16 fl oz",16 fl oz,2.15,2026-03-25
STONEMILL,"Ground Black Pepper, 3 oz",3 oz,3.29,2026-03-25
BAKER'S CORNER,"Semi-Sweet Mini Chocolate Morsels, 12 oz",12 oz,3.85,2026-03-25
STONEMILL,"Himalayan Pink Salt Grinder, 3.53 oz",3.53 oz,1.75,2026-03-25
STONEMILL,"Sea Salt Grinder, 3.53 oz",3.53 oz,1.75,2026-03-25
CHEESE CLUB,"Macaroni and Cheese, 7.25 oz",7.25 oz,0.65,2026-03-25
NORTHERN CATCH,"Pink Salmon, 14.75 oz",14.75 oz,3.69,2026-03-25
HAPPY HARVEST,"Sliced Carrots, 14.5 oz Can",15 oz,1.05,2026-03-25
SPECIALLY SELECTED,"Garlic Stuffed Olives, 7 oz",7 oz,3.19,2026-03-25
TUSCAN GARDEN,"Deli-Sliced Jalapeno Peppers, 16 fl oz",16 fl oz,2.75,2026-03-25
HAPPY HARVEST,"Cream Style Sweet Corn, 14.75 oz",14.75 oz,0.85,2026-03-25
SPECIALLY SELECTED,"Raspberry Fruit Spread with 75% Fruit, 9.95 oz",9.95 oz,2.75,2026-03-25
CARLINI,"Pure Vegetable Oil, 48 fl oz",48 fl oz,3.85,2026-03-25
REGGANO,"Tomato, Basil and Garlic Pasta Sauce, 24 oz",24 oz,1.85,2026-03-25
DAKOTA'S PRIDE,"Green Lentils, 16 oz",16 oz,1.55,2026-03-25
BERRYHILL,"Strawberry Preserves, 18 oz",18 oz,2.75,2026-03-25
CHEF'S CUPBOARD,"Cornbread Stuffing Mix, 6 oz",6 oz,1.05,2026-03-25
GREAT GHERKINS,"Kosher Baby Whole Dill Pickles, 16 fl oz",16 fl oz,2.15,2026-03-25
STONEMILL,"Black Peppercorn Grinder, 1.76 oz",1.76 oz,2.55,2026-03-25
BAKER'S CORNER,"Semi-Sweet Chocolate Morsels, 12 oz",12 oz,3.85,2026-03-25
LIVEGFREE,"Gluten Free Pancake and Baking Mix, 16 oz",16 oz,3.25,2026-03-25
STONEMILL,"Hot Chili Seasoning Mix, 1.25 oz",1.25 oz,0.79,2026-03-25
LUNCH BUDDIES,"Pears Fruit Bowl in 100% Juice - 4 pack, 4 oz",4 x 4 oz,2.55,2026-03-25
LUNCH BUDDIES,"Cherry Mixed Fruit in 100% Juice - 4 count, 4 oz",4 x 4 oz,2.55,2026-03-25
LUNCH BUDDIES,"Tropical Fruit Bowl in 100% Juice - 4 pack, 4 oz",4 x 4 oz,2.55,2026-03-25
STONEMILL,"Reduced Sodium Chili Seasoning Mix, 1.25 oz",1.25 oz,0.79,2026-03-25
LUNCH BUDDIES,"Unsweetened Applesauce Cups, 6 count",6 x 4 oz,2.15,2026-03-25
CARLINI,"Pure Corn Oil, 48 fl oz",48 fl oz,4.39,2026-03-25
BURMAN'S,"Real Mayonnaise, 30 fl oz",30 fl oz,3.19,2026-03-25
STONEMILL,"Pure Vanilla Extract, 2 fl oz",2 fl oz,4.39,2026-03-25
DAKOTA'S PRIDE,"Mild Chili Beans, 15.5 oz",15.5 oz,0.95,2026-03-25
BURMAN'S,"Tikka Masala Curry Sauce, 15 oz",15 oz,4.09,2026-03-25
BURMAN'S,"Butter Chicken Curry Sauce, 15 oz",15 oz,4.09,2026-03-25
BERRYHILL,"Sweet Orange Marmalade Preserves, 18 oz",18 oz,2.75,2026-03-25
CHEESE CLUB,"Shells and Cheese, 12 oz",12 oz,1.35,2026-03-25
SIMPLY NATURE,"Organic Salsa Medium, 16 oz",16 oz,2.75,2026-03-25
SIMPLY NATURE,"Organic Salsa Hot, 16 oz",16 oz,2.75,2026-03-25
SIMPLY NATURE,"Organic Salsa Mild, 16 oz",16 oz,2.75,2026-03-25
CASA MAMITA,"Taco Seasoning Mix, 1 oz",1 oz,0.55,2026-03-25
BURMAN'S,"Spicy Brown Mustard, 12 oz",12 oz,1.65,2026-03-25
SWEET ADDITIONS,"Sucralose No Calorie Sweetener, 9.7 oz",9.7 oz,4.95,2026-03-25
CASA MAMITA,"Canned Diced Tomatoes with Green Chilies, 10 oz",10 oz,1.05,2026-03-25
PRIANO,"Mushroom Risotto, 6 oz",6 oz,1.75,2026-03-25
TUSCAN GARDEN,"Caesar Croutons, 5 oz",5 oz,1.49,2026-03-25
TUSCAN GARDEN,"Cheese and Garlic Croutons, 5 oz",5 oz,1.49,2026-03-25
PRIANO,"Creamy Alfredo Sauce, 15 oz",15 oz,1.95,2026-03-25
TUSCAN GARDEN,"Hot Giardiniera, 16 fl oz",16 fl oz,3.49,2026-03-25
LIVEGFREE,"Gluten Free Brownie Mix, 16 oz",16 oz,3.25,2026-03-25
CARLINI,"Pure Canola Oil, 48 fl oz",48 fl oz,3.95,2026-03-25
BERRYHILL,"Apricot Preserves, 18 oz",18 oz,2.75,2026-03-25
SIMPLY NATURE,"Organic Marinara Pasta Sauce, 23.5 oz",24 oz,2.45,2026-03-25
SPECIALLY SELECTED,"Kalamata Pitted Olives, 6 oz",6 oz,2.55,2026-03-25
SWEET HARVEST,"Mandarin Oranges in Light Syrup, 15 oz",15 oz,1.75,2026-03-25
SIMPLY NATURE,"Organic Tomato Basil Pasta Sauce, 23.5 oz",25 oz,2.45,2026-03-25
BAKER'S CORNER,"Light Brown Sugar, 32 oz",32 oz,2.05,2026-03-25
REGGANO,"Wide Egg Noodles, 16 oz",16 oz,1.95,2026-03-25
EARTHLY GRAINS,"Long Grain White Rice, 3 lb",3 lb,2.85,2026-03-25
PUEBLO LINDO,"Chopped Green Chiles, 4 oz can",4 oz,0.95,2026-03-25
TUSCAN GARDEN,"Quartered Marinated Artichoke Hearts, 12 oz",12 oz,2.45,2026-03-25
DAKOTA'S PRIDE,"Black Beans, 15.5 oz can",15 oz,0.95,2026-03-25
HAPPY HARVEST,"Diced Tomatoes, 14.5 oz",14.5 oz,0.99,2026-03-25
BAKER'S CORNER,"Strawberry Gelatin Mix, 3 oz",3 oz,1.09,2026-03-25
BAKER'S CORNER,"Vanilla Almond Bark, 24 oz",24 oz,4.19,2026-03-25
HAPPY HARVEST,"Canned Mushrooms, Pieces & Stems, 4 oz",4 oz,1.65,2026-03-25
BAKER'S CORNER,"Extra Moist Classic White Cake Mix, 15.25 oz",15.25 oz,1.35,2026-03-25
PUEBLO LINDO,"Dry Pinto Beans, 32 oz",32 oz,2.15,2026-03-25
DAKOTA'S PRIDE,"Dry Great Northern Beans, 32 oz",32 oz,2.45,2026-03-25
HAPPY HARVEST,"Crushed Tomatoes, 28 oz",28 oz,1.65,2026-03-25
HAPPY HARVEST,"Sliced Pickled Beets, 16 oz",16 oz,1.95,2026-03-25
BROOKDALE,"Pork Luncheon Meat, 12 oz",12 oz,2.19,2026-03-25
MILLVILLE,"Lite Pancake Syrup, 24 fl oz",24 fl oz,2.35,2026-03-25
PEANUT DELIGHT,"Creamy Peanut Butter, 18 oz",18 oz,2.19,2026-03-25
GREAT GHERKINS,"Kosher Dill Pickle Spears, 24 fl oz",24 fl oz,2.75,2026-03-25
GREAT GHERKINS,"Hamburger Dill Pickle Chips, 32 fl oz",32 fl oz,2.99,2026-03-25
SPECIALLY SELECTED,"Blue Cheese Stuffed Olives, 7 oz",7 oz,3.19,2026-03-25
BAKER'S CORNER,"Banana Quick Bread Mix, 14 oz",14 oz,2.15,2026-03-25
HAPPY HARVEST,"Canned Cut Green Beans, 14.5 oz",14.5 oz,0.85,2026-03-25
CHEF'S CUPBOARD,"Chunky Chicken Noodle Soup, 18.6 oz",18.6 oz,1.65,2026-03-25
BROOKDALE,"Original Chili with Beans, 15 oz",15 oz,2.19,2026-03-25
BROOKDALE,"Canned Corned Beef, 12 oz",12 oz,3.25,2026-03-25
TUSCAN GARDEN,"Chunky Blue Cheese Dressing, 16 fl oz",16 fl oz,2.15,2026-03-25
DAKOTA'S PRIDE,"Cannellini Beans, 15.5 oz",15.5 oz,0.95,2026-03-25
TUSCAN GARDEN,"Large Ripe Pitted Black Olives, 6 oz",6 oz,1.95,2026-03-25
PEANUT DELIGHT,"Creamy Peanut Butter, 40 oz",40 oz,4.35,2026-03-25
BAKER'S CORNER,"100% Pure Corn Starch, 16 oz",16 oz,1.65,2026-03-25
NORTHERN CATCH,"Chunk Light Tuna in Water, 5 oz can",5 oz,1.05,2026-03-25
NORTHERN CATCH,"Chunk Light Tuna in Oil, 5 oz can",5 oz,1.05,2026-03-25
EARTHLY GRAINS,"Instant White Rice, 28 oz",28 oz,2.99,2026-03-25
SWEET ADDITIONS,"Stevia No Calorie Sweetener, 9.7 oz",9.7 oz,4.95,2026-03-25
TUSCAN GARDEN,"Quartered Artichoke Hearts in Water, 12 oz",12 oz,2.45,2026-03-25
BURMAN'S,"Dijon Mustard, 12 oz",12 oz,1.65,2026-03-25
PRIANO,"Rosso Pesto Sauce, 6.7 oz",6.7 oz,2.75,2026-03-25
SIMPLY NATURE,"Organic Spaghetti, 1 lb",16 oz,2.09,2026-03-25
SIMPLY NATURE,"Organic Linguine, 1 lb",16 oz,2.09,2026-03-25
CASA MAMITA,"Traditional Refried Beans, 16 oz",16 oz,0.99,2026-03-25
CHEF'S CUPBOARD,"French Fried Onions, 6 oz",6 oz,2.05,2026-03-25
MILLVILLE,"Complete Buttermilk Pancake & Waffle Mix, 32 oz",32 oz,2.19,2026-03-25
BROOKDALE,"Chili with No Beans, 15 oz",15 oz,2.55,2026-03-25
REGGANO,"Meat Pasta Sauce, 24 oz",24 oz,1.85,2026-03-25
BAKER'S CORNER,"Orange Gelatin Mix, 3 oz",3 oz,1.09,2026-03-25
EARTHLY GRAINS,"Roasted Garlic Couscous, 5.8 oz",5.8 oz,1.85,2026-03-25
HAPPY HARVEST,"Medium Sweet Peas, 15 oz",15 oz,0.85,2026-03-25
REGGANO,"Angel Hair Pasta, 32 oz",32 oz,2.15,2026-03-25
SPECIALLY SELECTED,"Three Cheese Vinaigrette Dressing, 12 fl oz",12 fl oz,2.99,2026-03-25
SWEET HARVEST,"Pear Slices in Heavy Syrup, 15 oz",15.25 oz,1.75,2026-03-25
HAPPY HARVEST,"Canned Whole Kernel Golden Sweet Corn, 15.25 oz",15.25 oz,0.85,2026-03-25
SPECIALLY SELECTED,"Raspberry Splash Vinaigrette Dressing, 12 fl oz",12 fl oz,2.99,2026-03-25
SWEET HARVEST,"Crushed Pineapple, 20 oz Can",20 oz,1.75,2026-03-25
BAKER'S CORNER,"Sugar Free Instant Vanilla Pudding Mix, 1 oz",1 oz,1.09,2026-03-25
SPECIALLY SELECTED,"House Italian Vinaigrette Dressing, 12 fl oz",12 fl oz,2.99,2026-03-25
HAPPY HARVEST,"Canned Whole New Potatoes, 15 oz",15 oz,1.09,2026-03-25
CHEF'S CUPBOARD,"Condensed Cream of Mushroom Soup, 10.5 oz",10.5 oz,0.79,2026-03-25
BURMAN'S,"Whipped Dressing, 30 fl oz",30 fl oz,3.19,2026-03-25
HAPPY HARVEST,"Mixed Vegetables, 15 oz Can",15 oz,1.09,2026-03-25
SOUTHERN GROVE,"Sliced Almonds, 6 oz",6 oz,3.09,2026-03-25
SOUTHERN GROVE,"Slivered Almonds, 6 oz",6 oz,3.09,2026-03-25
MILLVILLE,"Original Pancake Syrup, 24 fl oz",24 fl oz,2.35,2026-03-25
DAKOTA'S PRIDE,"Maple & Cured Bacon Baked Beans, 28 oz",28 oz,2.09,2026-03-25
HAPPY HARVEST,"Tomato Sauce, 8 oz",8 oz,0.55,2026-03-25
SWEET HARVEST,"Peach Slices in Heavy Syrup, 15.25 oz",15 oz,1.65,2026-03-25
SWEET HARVEST,"Original Applesauce, 24 oz",24 oz,3.09,2026-03-25
BAKER'S CORNER,"Dark Chocolate Morsels, 10 oz",10 oz,3.85,2026-03-25
SWEET HARVEST,"Fruit Cocktail in 100% Fruit Juice, 15 oz",15 oz,1.75,2026-03-25
BROOKDALE,"Home Style Corned Beef Hash, 14 oz Can",15 oz,2.99,2026-03-25
EARTHLY GRAINS,"New Orleans Style Dirty Rice Mix, 8 oz",8 oz,1.75,2026-03-25
PEANUT DELIGHT,"Crunchy Peanut Butter, 18 oz",18 oz,2.19,2026-03-25
BERRYHILL,"Concord Grape Jelly, 30 oz",30 oz,2.75,2026-03-25
BAKER'S CORNER,"Fudge Brownie Mix, 18.3 oz",18.3 oz,1.65,2026-03-25
BAKER'S CORNER,"All Purpose Flour, 5 lb",5 lb,2.15,2026-03-25
SPECIALLY SELECTED,"Jalapeno Stuffed Olives, 7 oz",7 oz,3.19,2026-03-25
HAPPY HARVEST,"Whole Pickled Beets, 16 oz",16 oz,1.95,2026-03-25
SOUTHERN GROVE,"Chopped Walnuts, 8 oz",8 oz,3.09,2026-03-25
STONEMILL,"Iodized Salt, 26 oz",26 oz,0.89,2026-03-25
BURMAN'S,"Soy Sauce, 15 fl oz",15 fl oz,1.75,2026-03-25
CASA MAMITA,"Mild Chunky Salsa, 24 oz",24 oz,2.75,2026-03-25
BAKER'S CORNER,"Sweetened Condensed Milk, 14 oz",14 oz,2.15,2026-03-25
BERRYHILL,"Chocolate Syrup, 24 oz",24 oz,2.75,2026-03-25
CASA MAMITA,"Chunky Medium Salsa, 24 oz",24 oz,2.75,2026-03-25
BURMAN'S,"Yellow Mustard, 20 oz",20 oz,1.05,2026-03-25
BURMAN'S,"Olive Oil Mayonnaise, 30 fl oz",30 fl oz,3.29,2026-03-25
BURMAN'S,"Cocktail Sauce, 12 oz",12 oz,1.65,2026-03-25
SPECIALLY SELECTED,"Greek Vinaigrette Dressing, 12 fl oz",12 fl oz,2.99,2026-03-25
BAKER'S CORNER,"Fast Rising Instant Yeast Packets, 3 count",0.75 oz,1.25,2026-03-25
BAKER'S CORNER,"Extra Moist Classic Yellow Cake Mix, 15.25 oz",15.25 oz,1.35,2026-03-25
HAPPY HARVEST,"French Style Green Beans, 14.5 oz",14.5 oz,0.85,2026-03-25
NORTHERN CATCH,"Sardines in Soybean Oil, 4.25 oz",3.75 oz,1.09,2026-03-25
HAPPY HARVEST,"Very Young Sweet Small Peas, 15 oz Can",15 oz,1.45,2026-03-25
BAKER'S CORNER,"Cherry Pie Filling and Topping, 21 oz",21 oz,3.19,2026-03-25
BAKER'S CORNER,"Chocolate Frosting, 16 oz",16 oz,1.89,2026-03-25
BAKER'S CORNER,"Cream Cheese Frosting, 16 oz",16 oz,1.89,2026-03-25
PRIANO,"Genovese Pesto Sauce, 6.7 oz",6.7 oz,2.75,2026-03-25
BAKER'S CORNER,"Active Dry Yeast Packets, 3 count",0.75 oz,1.25,2026-03-25
PEANUT DELIGHT,"Natural Creamy Peanut Butter, 16 oz",16 oz,2.15,2026-03-25
SWEET HARVEST,"Cinnamon Applesauce, 24 oz",24 oz,3.09,2026-03-25
BON ITALIA,"Spaghetti Rings with Meatballs, 15 oz Can",15 oz,1.09,2026-03-25
BAKER'S CORNER,"Granulated Sugar, 4 lb",4 lb,3.09,2026-03-25
BURMAN'S,"Steak Sauce, 10 fl oz",10 oz,2.19,2026-03-25
BAKER'S CORNER,"Graham Cracker Pie Crust, 6 oz",6 oz,1.39,2026-03-25
BAKER'S CORNER,"Baking Soda, 16 oz",16 oz,1.09,2026-03-25
TUSCAN GARDEN,"Classic Caesar Dressing, 16 fl oz",16 fl oz,2.15,2026-03-25
BROOKDALE,"Premium Chunk Chicken Breast, 12.5 oz",12.5 oz,2.85,2026-03-25
TUSCAN GARDEN,"Mild Banana Pepper Rings, 16 fl oz",16 fl oz,2.75,2026-03-25
LUNCH BUDDIES,"Chocolate Pudding Cups - 4 pack, 3.2 oz",4 x 3.2 oz,1.25,2026-03-25
EARTHLY GRAINS,"New Orleans Style Red Beans and Rice Mix, 8 oz",8 oz,1.75,2026-03-25
BAKER'S CORNER,"Extra Moist Chocolate Cake Mix, 15.25 oz",15.25 oz,1.35,2026-03-25
STONEMILL,"Seasoned Salt, 16 oz",16 oz,3.19,2026-03-25
STONEMILL,"Minced Garlic in Water, 8 oz",8 oz,2.85,2026-03-25
BERRYHILL,"Hazelnut Spread, 13 oz",13 oz,3.05,2026-03-25
CHEF'S CUPBOARD,"Buttery Instant Mashed Potatoes, 4 oz",4 oz,1.09,2026-03-25
CHEF'S CUPBOARD,"Chicken Broth, 32 oz",32 oz,1.39,2026-03-25
CHEF'S CUPBOARD,"Fat Free Reduced Sodium Chicken Broth, 32 oz",32 fl oz,1.39,2026-03-25
SPECIALLY SELECTED,"Premium Sicilian Extra Virgin Olive Oil, 16.9 fl oz",16.9 fl oz,12.09,2026-03-25
BURMAN'S,"Sweet and Sour Sauce, 14.5 oz",14.5 oz,2.45,2026-03-25
SIMPLY NATURE,"Unsweetened Applesauce, 46 oz",46 oz,3.29,2026-03-25
STONEMILL,"Paprika, 2.12 oz",2.12 oz,1.09,2026-03-25
STONEMILL,"Onion Powder, 2.62 oz",2.62 oz,1.09,2026-03-25
SIMPLY NATURE,"Organic Strawberry Preserves, 11 oz",11 oz,2.85,2026-03-25
REGGANO,"Traditional Pasta Sauce, 24 oz",24 oz,1.85,2026-03-25
REGGANO,"Marinara Pasta Sauce, 24 oz",24 oz,1.85,2026-03-25
PRIANO,"Four Cheese Sauce, 24 oz",24 oz,3.19,2026-03-25
BURMAN'S,"Hot Sauce, 12 fl oz",12 fl oz,2.09,2026-03-25
REGGANO,"Rotini Pasta, 16 oz",16 oz,1.09,2026-03-25
STONEMILL,"Chili Powder, 2.5 oz",2.5 oz,1.09,2026-03-25
SIMPLY NATURE,"Organic Wildflower Honey, 12 oz",12 oz,4.39,2026-03-25
CHEF'S CUPBOARD,"Panko Breadcrumbs, 8 oz",8 oz,2.05,2026-03-25
STONEMILL,"Reduced Sodium Brown Gravy Mix, 0.87 oz",0.87 oz,0.45,2026-03-25
REGGANO,"Oven Ready Lasagna Noodles, 12 oz",12 oz,1.55,2026-03-25
SIMPLY NATURE,"Organic Extra Virgin Olive Oil, 16.9 fl oz",16.9 fl oz,7.99,2026-03-25
DEUTSCHE KÜCHE,"German Bean Soup, 28 oz",28 oz,2.75,2026-03-25
SWEET ADDITIONS,"Stevia No Calorie Sweetener Packets, 80 count",80 ct,4.09,2026-03-25
NORTHERN CATCH,"Smoked Oysters in Cottonseed Oil, 3 oz",3 oz,1.89,2026-03-25
SIMPLY NATURE,"Organic Fat Free Chicken Bone Broth, 32 oz",32 oz,3.85,2026-03-25
SPECIALLY SELECTED,"Raw Honey, 24 oz",24 oz,7.15,2026-03-25
EARTHLY GRAINS,"Original Long Grain & Wild Rice Mix, 6 oz",6 oz,2.19,2026-03-25
SIMPLY NATURE,"Creamy Almond Butter, 12 oz",12 oz,3.85,2026-03-25
EARTHLY GRAINS,"Parmesan Couscous, 5.9 oz",5.9 oz,1.85,2026-03-25
DAKOTA'S PRIDE,"Original Baked Beans, 28 oz",28 oz,2.09,2026-03-25
LUNCH BUDDIES,"Strawberry Applesauce Cups, 6 count",6 x 4 oz,2.15,2026-03-25
PRIANO,"Four Cheese Risotto, 6 oz",6 oz,1.75,2026-03-25
SPECIALLY SELECTED,"Pure Maple Syrup, 12.5 fl oz",12.5 fl oz,5.49,2026-03-25
DAKOTA'S PRIDE,"USDA Organic Pinto Beans, 15.5 oz Can",15.5 oz,1.09,2026-03-25
SIMPLY NATURE,"Organic Light Brown Sugar Pouch, 24 oz",24 oz,3.45,2026-03-25
SIMPLY NATURE,"Organic Cane Sugar Pouch, 32 oz",32 oz,3.45,2026-03-25
PRIANO,"Tomato Basil Sauce, 24 oz",24 oz,3.19,2026-03-25
DAKOTA'S PRIDE,"Canned Garbanzo Beans Chick Peas, 15.5 oz",15.5 oz,0.85,2026-03-25
REGGANO,"Elbow Macaroni, 32 oz",32 oz,2.09,2026-03-25
SIMPLY NATURE,"Organic Vegetable Broth, 32 oz",32 oz,2.19,2026-03-25
PRIANO,"Four Cheese Alfredo Sauce, 15 oz",15 oz,1.95,2026-03-25
GREAT GHERKINS,"Sweet Relish, 16 fl oz",16 fl oz,1.89,2026-03-25
BAKER'S CORNER,"Butterscotch Morsels, 11 oz",11 oz,3.85,2026-03-25
BAKER'S CORNER,"Milk Chocolate Morsels, 11.5 oz",11.5 oz,3.85,2026-03-25
LUNCH BUDDIES,"Original Applesauce Cups, 6 count",6 x 4 oz,2.15,2026-03-25
SIMPLY NATURE,"Organic Chicken Broth, 32 oz",32 oz,2.19,2026-03-25
DEUTSCHE KÜCHE,"Harvest Potato Soup, 28 oz",28 oz,3.15,2026-03-25
TUSCAN GARDEN,"Italian Seasoned Croutons, 5 oz",5 oz,1.49,2026-03-25
NORTHERN CATCH,"Original Chunk Light Tuna in Water Pouch, 2.5 oz",2.5 oz,0.89,2026-03-25
NORTHERN CATCH,"Zesty Lemon Pepper Tuna in Water Pouch, 2.5 oz",2.5 oz,0.89,2026-03-25
NORTHERN CATCH,"Sweet and Spicy Tuna in Water Pouch, 2.5 oz",2.5 oz,0.89,2026-03-25
SIMPLY NATURE,"Organic Caesar Dressing, 12 fl oz",12 fl oz,3.85,2026-03-25
STONEMILL,"Ground Cumin, 2 oz",2 oz,1.09,2026-03-25
STONEMILL,"Minced Onion, 2 oz",2 oz,1.09,2026-03-25
SIMPLY NATURE,"Organic Ground Cinnamon, 1.5 oz",1.5 oz,2.19,2026-03-25
STONEMILL,"Garlic and Herb Salt Free Seasoning Blend, 2.5 oz",2.5 oz,2.19,2026-03-25
STONEMILL,"Crushed Red Pepper, 1.5 oz",1.5 oz,1.09,2026-03-25
BURMAN'S,"Original BBQ Sauce, 18 oz",18 oz,1.89,2026-03-25
BURMAN'S,"Honey BBQ Sauce, 18 oz",18 oz,1.89,2026-03-25
SIMPLY NATURE,"Organic Beef Broth, 32 oz",32 oz,2.19,2026-03-25
PRIANO,"Marinara Sauce, 24 oz",24 oz,3.19,2026-03-25
CHEF'S CUPBOARD,"Fat Free Chicken Stock, 32 oz",32 oz,1.75,2026-03-25
GREAT GHERKINS,"Sweet Bread and Butter Pickle Chips, 24 fl oz",24 fl oz,2.75,2026-03-25
HAPPY HARVEST,"Diced Tomatoes with Basil, Garlic and Oregano, 14.5 oz",14.5 oz,0.99,2026-03-25
STONEMILL,"Original Salt Free Seasoning Blend, 2.5 oz",2.5 oz,2.19,2026-03-25
SIMPLY NATURE,"Organic Quinoa, 16 oz",16 oz,3.69,2026-03-25
REGGANO,"Farfalle Pasta, 12 oz",12 oz,1.09,2026-03-25
SIMPLY NATURE,"Organic Shells and White Cheddar, 6 oz",6 oz,1.99,2026-03-25
DEUTSCHE KÜCHE,"Hearty Pea Soup, 28 oz",28 oz,2.75,2026-03-25
BAKER'S CORNER,"Instant Vanilla Pudding Mix, 3.4 oz",3.4 oz,1.09,2026-03-25
TUSCAN GARDEN,"Balsamic Vinaigrette Dressing, 16 fl oz",16 fl oz,2.15,2026-03-25
BAKER'S CORNER,"Sugar Free Instant Chocolate Pudding Mix, 1.4 oz",1.4 oz,1.09,2026-03-25
SIMPLY NATURE,"Organic Aged Balsamic Dressing, 12 fl oz",12 fl oz,3.85,2026-03-25
LUNCH BUDDIES,"Vanilla Pudding Cups, 4 count",4 x 3.2 oz,1.25,2026-03-25
BAKER'S CORNER,"Instant Chocolate Pudding Mix, 3.9 oz",3.9 oz,1.09,2026-03-25
HAPPY HARVEST,"Fire Roasted Diced Tomatoes, 14.5 oz Can",14.5 oz,1.29,2026-03-25
SIMPLY NATURE,"Organic Poppyseed Dressing, 12 fl oz",12 fl oz,3.85,2026-03-25
TUSCAN GARDEN,"California French Style Dressing, 16 fl oz",16 fl oz,2.15,2026-03-25
TUSCAN GARDEN,"Light Ranch Salad Dressing, 16 fl oz",16 fl oz,2.15,2026-03-25
LIVEGFREE,"Gluten Free Yellow Cake Mix, 15 oz",15 oz,3.25,2026-03-25
DAKOTA'S PRIDE,"Canned Dark Red Kidney Beans, 15.5 oz",15.5 oz,0.95,2026-03-25
STONEMILL,"Everything Bagel Seasoning, 2.3 oz",2.3 oz,1.99,2026-03-25
EARTHLY GRAINS,"Roasted Vegetable and Chicken Long Grain & Wild Rice Mix, 6.3 oz",6.3 oz,2.19,2026-03-25
SIMPLY NATURE,"Organic Ground Turmeric, 1.37 oz",1.37 oz,2.19,2026-03-25
SIMPLY NATURE,"Pure Avocado Oil, 17 fl oz",17 fl oz,8.25,2026-03-25
TUSCAN GARDEN,"Ranch Dressing, 36 fl oz",36 oz,4.09,2026-03-25
CASA MAMITA,"Restaurant Style Salsa, 16 oz",16 oz,2.75,2026-03-25
CASA MAMITA,"Pineapple Salsa, 16 oz",16 oz,2.75,2026-03-25
CASA MAMITA,"Black Bean & Corn Salsa, 16 oz",16 oz,2.75,2026-03-25
SIMPLY NATURE,"Organic Oil and Vinegar Dressing, 12 fl oz",12 fl oz,3.85,2026-03-25
SPECIALLY SELECTED,"Premium Double Chocolate Brownie Mix, 18 oz",18 oz,2.59,2026-03-25
DEUTSCHE KÜCHE,"Fall Harvest Soup, 28 oz",28 oz,2.75,2026-03-25
SIMPLY NATURE,"Light Organic Agave Nectar, 23.5 oz",23.5 oz,4.75,2026-03-25
SIMPLY NATURE,"Organic Raw Agave Nectar, 23.5 oz",23.5 oz,4.75,2026-03-25
BURMAN'S,"Original Tartar Sauce, 12 oz",12 oz,1.65,2026-03-25
CHEF'S CUPBOARD,"Scalloped Potatoes, 4.7 oz",4.7 oz,1.15,2026-03-25
BAKER'S CORNER,"White Baking Morsels, 11 oz",11 oz,3.85,2026-03-25
CHEF'S CUPBOARD,"Onion Recipe, Soup & Dip Mix, 2 oz",2 oz,0.65,2026-03-25
CHEESE CLUB,"Express Mac and Cheese Cups, 4 count",8.2 oz,4.09,2026-03-25
EARTHLY GRAINS,Chicken Flavored Rice,5.6 oz,1.09,2026-03-25
BAKER'S CORNER,"Apple Cinnamon Quick Bread Mix, 14.5 oz",13 oz,2.15,2026-03-25
CAMPBELL'S,"Chunky Chicken Noodle Soup, 18.6 oz Can",18.6 oz,2.75,2026-03-25
REGGANO,"Roasted Garlic Pasta Sauce, 24 oz",24 oz,1.85,2026-03-25
CAMPBELL'S,"Chunky Chicken Noodle Soup, 18.6 oz Can",18.6 oz,2.75,2026-03-25
BETTY CROCKER,"Bisquick Pancake & Baking Mix, 40 oz",40 oz,4.29,2026-03-25
TUSCAN GARDEN,"Asian Sesame Salad Dressing, 16 fl oz",16 fl oz,2.15,2026-03-25
SPECIALLY SELECTED,"Cheese Pairing Spread Set, 22 oz",22 oz,7.69,2026-03-25
ZULKA,"Morena Pure Cane Sugar, 6 lb",6 lb,7.15,2026-03-25
SWEET BABY RAY'S,"Original Barbecue Sauce, 28 oz",28 oz,3.59,2026-03-25
NORTHERN CATCH,"Ready to Eat Chicken Salad Kit with Crackers, 3.5 oz",3.5 oz,1.45,2026-03-25
CARLINI,"Canola Cooking Spray, 8 oz",8 oz,2.05,2026-03-25
CAMPBELL'S,"Chunky New England Clam Chowder Soup, 18.8 oz Can",18.8 oz,2.75,2026-03-25
STONEMILL,"Asiago Cheese Bagel Seasoning, 2.4 oz",2.4 oz,1.99,2026-03-25
SPECIALLY SELECTED,"Four Pepper Restaurant Style, 16 oz",16 oz,4.19,2026-03-25
CHEF'S CUPBOARD,"Au Gratin Potatoes, 4.7 oz",4.7 oz,1.15,2026-03-25
CAMPBELL'S,"Condensed Chicken Noodle Soup, 10.75 oz Can",10.75 oz,1.15,2026-03-25
SIMPLY NATURE,"Avocado Oil Cooking Spray, 4.7 fl oz",4.7 fl oz,3.69,2026-03-25
BURMAN'S,"Orange Stir Fry Sauce, 14.5 oz",14.5 oz,2.45,2026-03-25
P.A.N.,"White Corn Meal, 35.27 oz",35.27 oz,3.15,2026-03-25
SPECIALLY SELECTED,"Tomato Basil Pasta Sauce, 24 oz",24 oz,4.29,2026-03-25
TUSCAN GARDEN,"Restaurant Style Mediterranean Salad Dressing, 16 fl oz",16 fl oz,2.15,2026-03-25
STONEMILL,"Ranch Popcorn Seasoning, 2.7 oz",2.7 oz,2.29,2026-03-25
OH SNAP! PICKLING CO.,"Dilly Bites - 6 Pack, 3.25 oz",19.5 fl oz,6.29,2026-03-25
EARTHLY GRAINS,Cheddar Broccoli Rice,5.7 oz,1.09,2026-03-25
CHEESE CLUB,"Express Mac and Cheese Cups, 4 count",8.2 oz,4.09,2026-03-25
PANERA BREAD,"Gluten Free Baked Potato Soup, 10 oz",10 oz,3.55,2026-03-25
EARTHLY GRAINS,Spanish Rice,5.6 oz,1.09,2026-03-25
JIFFY,"Corn Muffin Mix, 8.5 oz",8.5 oz,0.75,2026-03-25
MARUCHAN,"Instant Lunch Ramen Noodle Soup Cups, Chicken Flavor, 6 count",13.5 oz,3.75,2026-03-25
SPECIALLY SELECTED,"Giardiniera Pasta Sauce, 24 oz",24 oz,3.95,2026-03-25
STONEMILL,"Nacho Cheddar Popcorn Seasoning, 2.85 oz",2.85 oz,2.29,2026-03-25
HELLMANN'S,"Real Mayonnaise, 30 oz",30 oz,6.59,2026-03-25
MARUCHAN,"Ramen Noodle Soup Chicken Flavor, 12 count",36 oz,4.35,2026-03-25
CHEF'S CUPBOARD,"Instant Mashed Potatoes, 13.75 oz",13.75 oz,1.45,2026-03-25
STONEMILL,"Jalapeno Bagel Seasoning, 2.3 oz",2.3 oz,1.99,2026-03-25
NORTHERN CATCH,"Chunk Light Tuna in Water, 5 oz Can",5 oz,1.35,2026-03-25
SPECIALLY SELECTED,"Kale Pesto Pasta Sauce, 24 oz",24 oz,3.95,2026-03-25
PRIANO,"Bronze Cut Rigatoni, 1 lb",16 oz,2.09,2026-03-25
PRIANO,"Bronze Cut Conchiglie, 1 lb",16 oz,2.09,2026-03-25
SPECIALLY SELECTED,"Avocado Tomatillo Salsa, 16 oz",16 oz,4.19,2026-03-25
SPECIALLY SELECTED,"Truffle & Porcini Mushroom Macaroni & Cheese, 6.5 oz",6.5 oz,2.75,2026-03-25
SWEET HARVEST,"Peach Slices in 100% Juice, 15 oz",15 oz,1.45,2026-03-25
PRIANO,"Roasted Garlic Risotto, 6 oz",6 oz,1.75,2026-03-25
HAPPY HARVEST,"Sliced Potatoes, 15 oz Can",15 oz,1.09,2026-03-25
LITTLE SALAD BAR,"Ginger Dressing, 11 oz",11 oz,3.55,2026-03-25
SIMPLY NATURE,"Organic Basil Stir in Paste, 2.8 oz",2.8 oz,2.45,2026-03-25
KRAFT,"Miracle Whip, 30 fl oz",30 fl oz,6.05,2026-03-25
SWEET BABY RAY'S,"Honey BBQ Sauce, 28 oz",28 oz,3.59,2026-03-25
SIMPLY NATURE,"Organic Ginger Stir in Paste, 2.8 oz",2.8 oz,2.45,2026-03-25
SPECIALLY SELECTED,"Smoked Gouda Macaroni & Cheese, 6.5 oz",6.5 oz,2.75,2026-03-25
CARLINI,"Olive Oil Cooking Spray, 7 oz",7 oz,4.15,2026-03-25
LITTLE SALAD BAR,"Avocado Ranch Dressing, 11 oz",11 oz,3.55,2026-03-25
LITTLE SALAD BAR,"Apple Thyme Dressing, 11 oz",11 oz,3.55,2026-03-25
GOYA,"Sazon Seasoning, 1.41 oz",1.41 oz,1.45,2026-03-25
SENOR RICO,"Rice Pudding Cups, 4 count",4 x 3.75 oz,2.85,2026-03-25
CAMPBELL'S,"Condensed Cream of Mushroom Soup, 10.5 oz",10.5 oz,1.39,2026-03-25
DEUTSCHE KÜCHE,"Herring Fillets in Pineapple Curry Sauce, 7.05 oz",7.05 oz,1.69,2026-03-25
SIMPLY NATURE,"Organic Garlic Stir in Paste, 2.8 oz",2.8 oz,2.45,2026-03-25
NORTHERN CATCH,"Ready to Eat Fat Free Tuna Salad Kit with Wheat Crackers, 3.5 oz",3.5 oz,1.45,2026-03-25
CARLINI,"Butter Cooking Spray, 8 oz",8 oz,2.05,2026-03-25
NORTHERN CATCH,"Ready to Eat Tuna Salad Kit with Crackers, 3.5 oz",3.5 oz,1.45,2026-03-25
CHEF'S CUPBOARD,"Roasted Garlic Homestyle Instant Mashed Potatoes, 4 oz",4 oz,1.09,2026-03-25
SPECIALLY SELECTED,"Verde Salsa, 16 oz",16 oz,4.19,2026-03-25
SIMPLY NATURE,"Chickpea Penne, 12 oz",12 oz,3.45,2026-03-25
PRIANO,"Bronze Cut Linguine, 1 lb",16 oz,2.09,2026-03-25
PRIANO,"Bronze Cut Fettuccine, 1 lb",16 oz,2.09,2026-03-25
CAMPBELL'S,"Condensed Cream of Chicken Soup, 10.75 oz Can",10.5 oz,1.39,2026-03-25
CHEF'S CUPBOARD,"Healthy Chunky Chicken Noodle Soup, 18.6 oz",18.6 oz,1.65,2026-03-25
CAMPBELL'S,"Condensed Tomato Soup, 10.75 oz Can",10.75 oz,1.15,2026-03-25
NONGSHIM,"Shin Ramyun Noodle Soup, 4 count",16.9 oz,5.45,2026-03-25
TUSCAN GARDEN,"Restaurant Style Italian Salad Dressing, 16 oz",16 fl oz,2.15,2026-03-25
CAMPBELL'S,"Chunky Steak & Potato Soup, 18.8 oz Can",18.8 oz,2.75,2026-03-25
CAMPBELL'S,"Chunky Chicken Pot Pie Soup, 18.8 oz",18.8 oz,2.75,2026-03-25
CAMPBELL'S,"Chunky Creamy Chicken & Dumplings Soup, 18.8 oz Can",18.8 oz,2.75,2026-03-25
DEUTSCHE KÜCHE,"Lentil & Chickpea Soup, 28 oz",28 oz,3.15,2026-03-25
DEUTSCHE KÜCHE,"Red Cabbage with Apples, 24 oz",24 oz,2.69,2026-03-25
DEUTSCHE KÜCHE,"Lentil Vegetable Soup, 28 oz",28 oz,2.75,2026-03-25
SIMPLY NATURE,"Non GMO Grapeseed Oil Spray, 4.7 fl oz",4.7 fl oz,3.69,2026-03-25
SIMPLY NATURE,"Non GMO Olive Oil Spray, 4.7 fl oz",4.7 fl oz,3.69,2026-03-25
REGGANO,"Fettuccine, 2 lb",32 oz,2.15,2026-03-25
SIMPLY NATURE,"Chickpea Rotini, 12 oz",12 oz,3.45,2026-03-25
NUTELLA,"Hazelnut Spread with Cocoa, 13 oz",13 oz,5.39,2026-03-25
CHEF'S CUPBOARD,"Sage and Onion Hawaiian Stuffing, 6 oz",6 oz,0.65,2026-03-25
CHEF'S CUPBOARD,"Classic Hawaiian Stuffing, 6 oz",6 oz,0.65,2026-03-25
RAO'S HOMEMADE,"Tomato Basil Pasta Sauce, 24 oz",24 oz,7.69,2026-03-25
RAO'S HOMEMADE,"Marinara Pasta Sauce, 24 oz",24 oz,7.69,2026-03-25
SPECIALLY SELECTED,"Roasted Garlic Sauce, 24 oz",24 oz,3.95,2026-03-25
SPECIALLY SELECTED,"Creamy Swiss Parmesan Potatoes, 6.8 oz",6.77 oz,1.09,2026-03-25
SPECIALLY SELECTED,"Applewood Smoked Cheddar & Bacon Potatoes, 6.6 oz",6.56 oz,1.09,2026-03-25
SPECIALLY SELECTED,Mediterranean Herb Cheddar Potatoes,6.7 oz,1.09,2026-03-25
FUSIA,"Pad Thai Rice Noodle Soup Bowl, 3.53 oz",3.5 oz,1.29,2026-03-25
FUSIA,"Green Curry Rice Noodle Soup Bowl, 3.5 oz",3.5 oz,1.29,2026-03-25
FUSIA,"Red Curry Rice Noodle Soup Bowl, 3.5 oz",3.5 oz,1.29,2026-03-25
PRIANO,"Bronze Cut Penne, 1 lb",16 oz,2.09,2026-03-25
EARTHLY GRAINS,"Long Grain White Rice Cups, 8.8 oz",8.8 oz,1.95,2026-03-25
EARTHLY GRAINS,"Jasmine Rice Cups, 8.8 oz",8.8 oz,1.95,2026-03-25
SWEET HARVEST,"Pear Slices in 100% Juice, 15 oz",15 oz,1.75,2026-03-25
MILLVILLE,"Chocolate Chip Protein Pancake & Waffle Mix, 18 oz",18 oz,3.85,2026-03-25
BURMAN'S,"Sweet & Heat Mustard, 12 oz",12 oz,0.99,2026-03-25
BURMAN'S,"Stone Ground Mustard, 12 oz",12 oz,1.65,2026-03-25
FUSIA ASIAN INSPIRATIONS,"Teriyaki Ramen Takeout Boxes, 8.11 oz",8.11 oz.,2.95,2026-03-25
FUSIA ASIAN INSPIRATIONS,"Kung Pao Ramen Takeout Boxes, 8.11 oz",8.11 oz,2.95,2026-03-25
FUSIA ASIAN INSPIRATIONS,"Pad Thai Ramen Takeout Boxes, 8.11 oz",8.11 oz,2.95,2026-03-25
SPECIALLY SELECTED,"Acacia Honey with Honeycomb, 12 oz",12 oz,7.39,2026-03-25
BURMAN'S,"Reduced Sodium Soy Sauce, 15 fl oz",15 fl oz,1.75,2026-03-25
BURMAN'S,"Soy Sauce, 15 fl oz",15 fl oz,1.75,2026-03-25
SPECIALLY SELECTED,"Arrabbiata Spaghetti, 16 oz",16 oz,3.79,2026-03-25
SPECIALLY SELECTED,"Al Limone Spaghetti, 16 oz",16 oz,3.79,2026-03-25
REGGANO,"Penne Rigate Pasta, 16 oz",16 oz,1.09,2026-03-25
SPECIALLY SELECTED,"Vodka Pasta Sauce, 24 oz",24 oz,4.29,2026-03-25
SPECIALLY SELECTED,"Marinara Pasta Sauce, 24 oz",24 oz,4.29,2026-03-25
REGGANO,"Cavatappi, 16 oz",16 oz,1.09,2026-03-25
EARTH GROWN,"Taco Filling, 10 oz",10 oz,3.29,2026-03-25
EARTH GROWN,"Southwest Burrito Bowl, 10 oz",10 oz,3.29,2026-03-25
EARTH GROWN,"Pad Thai, 10 oz",10 oz,3.29,2026-03-25
REGGANO,"Traditional Pizza Sauce, 14 oz",14 oz,1.25,2026-03-25
BURMAN'S,"Chicken Dipping Sauce, 16 oz",16 oz,3.19,2026-03-25
BAKE HOUSE CREATIONS,"Refrigerated Ready to Bake Pie Crusts, 2 count",14.1 oz,2.15,2026-03-25
PILLSBURY,"Cream Cheese Frosting, 16 oz",,1.65,2026-03-25
PILLSBURY,"Vanilla Frosting , 16 oz",,1.65,2026-03-25
PILLSBURY,"Chocolate Fudge Frosting, 16 oz",,1.65,2026-03-25
PRIANO,"Extra Virgin Olive Oil, 16.9 fl oz",16.9 oz,6.39,2026-03-25
EARTHLY GRAINS,"Instant Jasmine Rice, 12 oz",12 oz,2.15,2026-03-25
BACHAN'S,"Japanese BBQ Sauce, 17 oz",17 oz,8.59,2026-03-25
BERRYHILL,"Great Lakes Honey, 16 oz",16 oz,6.95,2026-03-25
BURMAN'S,"Bang Bang Stir Fry Sauce, 14.5 oz",14.5 oz,2.35,2026-03-25
EARTHLY GRAINS,"Brown Basmati Rice, 32 oz",2 lb.,4.29,2026-03-25
EARTHLY GRAINS,"White Basmati Rice, 32 oz",2 lb.,4.29,2026-03-25
PRIANO,"Bronze Cut Spaghetti, 16 oz",16 oz,2.09,2026-03-25
EARTH GROWN,"Butter Chickpea & Veggie, 10.5 oz",10.05 oz,3.15,2026-03-25
EARTH GROWN,"Lentil and Veggie Tikka Masala, 10.5 oz",10.05 oz,3.15,2026-03-25
EARTH GROWN,"Chickpea and Korma, 10.5 oz",10.05 oz,3.15,2026-03-25
EARTHLY GRAINS,"Jasmine Rice, 5 lb",5 lb,7.05,2026-03-25
CAMPFIRE,"Gluten & Fat Free Egg Shaped Marshmallows, 10 oz",10 oz,1.89,2026-03-25
SWEET ADDITIONS,Sucralose Packets 200 ct.,7 oz,3.29,2026-03-25
STONEMILL,"Salt, Pepper, & Garlic Grill Seasoning, 6 oz",6 oz,3.65,2026-03-25
STONEMILL,"Butter Garlic Grill Seasoning, 5.5 oz",5.5 oz,3.65,2026-03-25
DAKOTA'S PRIDE,Brown Sugar & Hickory Baked Beans,28 oz,2.09,2026-03-25
PUEBLO LINDO,"Gluten Free Instant Corn Masa Flour, 4 lb",4 lbs.,3.15,2026-03-25
GREAT GHERKINS,"Dill Relish, 16 fl oz",16 fl oz,1.89,2026-03-25
PARK STREET DELI,"Medium Pico De Gallo Salsa, 10 oz",10 oz,3.65,2026-03-25
PARK STREET DELI,"Mild Pico De Gallo Salsa, 10 oz",10 oz,3.65,2026-03-25
CHEESE CLUB,"Chickpea Mac & Cheese Elbows with Classic Cheddar, 5.5 oz",5.5 oz,2.99,2026-03-25
CHEESE CLUB,"Chickpea Mac & Cheese Shells with White Cheddar, 5.5 oz",5.5 oz,2.99,2026-03-25
SPECIALLY SELECTED,"Organic Bronze Cut Penne Ritorte Pasta, 16 oz",16 oz,2.75,2026-03-25
SPECIALLY SELECTED,"Organic Cavatappi Bronze Cut Pasta, 16 oz",16 oz,2.75,2026-03-25
SPECIALLY SELECTED,"Fusilloni Bronze Cut Artisanal Pasta, 16 oz",16 oz,2.75,2026-03-25
SIMPLY NATURE,"Organic Jasmine Rice, 32 oz",32 oz,5.39,2026-03-25
SIMPLY NATURE,"Organic Basmati Rice, 32 oz",32 oz,5.39,2026-03-25
PARK STREET DELI,"Mild Cantina Salsa, 16 oz",16 oz,2.65,2026-03-25
PARK STREET DELI,"Medium Cantina Salsa, 16 oz",16 oz,2.65,2026-03-25
NISSIN,"Hot & Spicy Chicken Flavor Ramen Noodle Soup, 3.32 oz",3.32 oz,1.55,2026-03-25
SPECIALLY SELECTED,"Premium Dark Chocolate Chunk, 10 oz",10 oz,5.85,2026-03-25
SPECIALLY SELECTED,"Semi Sweet Chocolate Chunks, 10 oz",10 oz,5.85,2026-03-25
CHEF'S CUPBOARD,"3 Bean Chili Soup Mix, 8.8 oz",8.8 oz,1.35,2026-03-25
CHEF'S CUPBOARD,"Rich & Creamy Potato Soup Mix, 11 oz",10.5 oz,1.35,2026-03-25
CHEF'S CUPBOARD,"Cheddar Broccoli Soup Mix, 11.2 oz",10.6 oz,1.35,2026-03-25
CHEF'S CUPBOARD,"Chicken Noodle Soup Mix, 8.4 oz",8.4 oz,1.35,2026-03-25
PRIANO,"Bronze Cut Rotini Pasta, 16 oz",16 oz,2.09,2026-03-25
PRIANO,"Bronze Cut Farfalle Pasta, 14.5 oz",14.5 oz,2.09,2026-03-25
PRIANO,"Specialty Cut Cavatappi Pasta, 16 oz",16 oz,2.09,2026-03-25
TUSCAN GARDEN,"Stuffed Manzanilla Olives with Pimiento, 15.8 oz",10 oz,2.75,2026-03-25
SIMPLY NATURE,"Organic Smoked Paprika, 1.9 oz",1.6 oz,2.19,2026-03-25
SIMPLY NATURE,"Organic Shells and Real Aged Cheddar, 6 oz",6 oz,1.99,2026-03-25
EARTHLY GRAINS,"Roasted Chicken Ready to Serve Rice, 8.8 oz",8.8 oz,1.45,2026-03-25
EARTHLY GRAINS,"Long Grain White Ready to Serve Rice, 8.8 oz",8.8 oz,1.45,2026-03-25
EARTHLY GRAINS,"Long Grain & Wild Ready to Serve Rice, 8.8 oz",8.8 oz,1.45,2026-03-25
EARTHLY GRAINS,"Basmati Ready to Serve Rice, 8.8 oz",8.8 oz,1.45,2026-03-25
EARTHLY GRAINS,"Spanish Style Ready to Serve Rice, 8.8 oz",8.8 oz,1.45,2026-03-25
EARTHLY GRAINS,"Microwavable Jasmine White Rice, 8.8 oz",8.8 oz,1.45,2026-03-25
EARTHLY GRAINS,"Whole Grain Brown Ready to Serve Rice, 8.8 oz",8.8 oz,1.45,2026-03-25
SIMPLY NATURE,"Organic Onion Powder, 2.3 oz",2 oz,2.19,2026-03-25
CHEF'S CUPBOARD,"Cornbread Stuffing Mix, 6 oz",6 oz,1.05,2026-03-25
HAPPY HARVEST,"Petite Diced Tomatoes, 14.5 oz",14.5 oz,0.99,2026-03-25
LUNCH BUDDIES,"Variety Pack Applesauce Squeezes - 12 pack, 3.2 oz pouch",12 x 3.2 oz,7.15,2026-03-25
PARK STREET DELI,"Cilantro Lime Rice, 1 lb",16 oz,4.39,2026-03-25
PARK STREET DELI,"Heat & Serve Rice Pilaf, 16 oz",16 oz,4.39,2026-03-25
STONEMILL,"Garlic Salt with Parsley, 11 oz",11 oz,4.39,2026-03-25
MILLVILLE,"Buttermilk Protein Pancake & Waffle Mix, 20 oz",20 oz,3.85,2026-03-25
BERRYHILL,"Hot Honey with Infused Chilies, 12 oz",,5.29,2026-03-25
LUNCH BUDDIES,"No Sugar Added Apple Squeezes - 12 pack, 3.2 oz pouch",12 x 3.2 oz,7.15,2026-03-25
CHEF'S CUPBOARD,"Chicken Flavored Ramen, 2.5 oz",2.5 oz,1.55,2026-03-25
CHEF'S CUPBOARD,"Beef Flavored Protein Ramen, 2.5 oz",2.5 oz,1.55,2026-03-25
STONEMILL,"Roasted Garlic & Herb, 5.5 oz",,2.85,2026-03-25
STONEMILL,Grill Master Blend,7.2 oz,2.85,2026-03-25
STONEMILL,"Chicago Style Steak, 5.5 oz",5.5 oz,2.85,2026-03-25
STONEMILL,"Sweet & Savory Dry Rub Seasoning, 6.7 oz",6.7 oz,2.85,2026-03-25
BACHAN'S,"Japanese Sweet Honey BBQ Sauce, 17 oz",17 oz,8.59,2026-03-25
SPECIALLY SELECTED,"Italian Five Cheese & Macaroni, 12 oz",12 oz,2.45,2026-03-25
SPECIALLY SELECTED,"Smoked Gouda Macaroni & Cheese, 12 oz",12 oz,2.45,2026-03-25
PRIANO,Gnocchi,17.6 oz,2.09,2026-03-25
TUSCAN GARDEN,"Sundried Tomatoes, 8 oz",8 oz,4.65,2026-03-25
STONEMILL,Chili & Lime Seasoning,3.2 oz,1.89,2026-03-25
STONEMILL,Sazon Seasoning,3 oz,1.89,2026-03-25
STONEMILL,Cajun Seasoning,3.5 oz,1.89,2026-03-25
STONEMILL,Seaside Seafood Seasoning,3.4 oz,1.89,2026-03-25
SWEET HARVEST,"Pineapple Spears in Coconut Water, 24 oz",24 oz,5.39,2026-03-25
NISSIN,"Chow Mein Beef Flavor Instant Noodles Teriyaki, 4 oz",4 oz,1.55,2026-03-25
NISSIN,"Chow Mein Chicken Flavor Instant Noodles Teriyaki, 4 oz",4 oz,1.55,2026-03-25
MILLVILLE,"Carrot Cake Pancake Mix, 16.9 oz",16.9 oz.,3.99,2026-03-25
MILLVILLE,"Raspberries n Cream Pancake Mix, 15.9 oz",15.9 oz,3.99,2026-03-25
SIMPLY NATURE,"Organic Shells & Real Aged Cheddar Pasta, 11 oz",11 oz,3.45,2026-03-25
SIMPLY NATURE,"Organic Shells & White Cheddar Pasta, 11 oz",11 oz,3.45,2026-03-25
KNORR,Granulated Bouillon,32 oz,5.49,2026-03-25
BURMAN'S,"Parmesan Garlic Wing Sauce, 12 oz",12 oz,2.35,2026-03-25
BURMAN'S,"Medium Buffalo Wing Sauce, 12 fl oz",12 oz,2.35,2026-03-25
SIMPLY NATURE,"Organic Jasmine Rice, 8.8 oz",8.8 oz,2.19,2026-03-25
LUNCH BUDDIES,"Apple Cinnamon Applesauce Squeezies - 12 pack, 3.2 oz",12 x 3.2 oz,7.15,2026-03-25
PROGRESSO,"Classic Chicken Broth, 32 oz",32 oz,1.65,2026-03-25
CHEF'S CUPBOARD,Chunky Steak and Potato Soup,18.8 oz,1.09,2026-03-25
CHEF'S CUPBOARD,Chicken Pot Pie Soup,18.8 oz,1.09,2026-03-25
TUSCAN GARDEN,"Bacon Ranch Dressing, 20 fl oz",20 fl oz,1.45,2026-03-25
TUSCAN GARDEN,"Garlic Ranch Dressing, 20 fl oz",20 fl oz,1.45,2026-03-25
TUSCAN GARDEN,"Parmesan Ranch Dressing, 20 fl oz",20 fl oz,1.45,2026-03-25
ALDI,"Unsweetened Coconut Milk, 13.66 fl oz",13.66 oz,1.65,2026-03-25
SPECIALLY SELECTED,Swiss Parmesan Potatoes,6.77 oz,1.09,2026-03-25
SPECIALLY SELECTED,Applewood Smoked Cheddar & Bacon Deluxe Cheesy Potatoes,6.56 oz,1.09,2026-03-25
SPECIALLY SELECTED,Mediterranean Herb Cheddar Potatoes,6.7 oz,1.09,2026-03-25
REGGANO,"Plant Based Protein Penne Pasta, 14.5 oz",14.5 oz,2.15,2026-03-25
REGGANO,"Plant Based Protein Rotini Pasta, 14.5 oz",14.5 oz,2.15,2026-03-25
NORTHERN CATCH,"Ready to Eat Sardines in Water, 3.75 oz",3.75 oz,1.09,2026-03-25
BURMAN'S,"Sweet Honey Dijon Mustard, 12 oz",12 oz,0.99,2026-03-25
BURMAN'S,Dill Pickle Mustard,12 oz,0.99,2026-03-25
SIMPLY NATURE,"Organic White Cheddar Macaroni & Cheese, 4 Cups",,5.49,2026-03-25
SIMPLY NATURE,"Organic Aged Cheddar Macaroni & Cheese, 4 Cups",,5.49,2026-03-25
CLANCY'S,"Original Kettle Chips, 8 oz",8 oz,2.15,2026-03-25
BENTON'S,"Blueberry Breakfast Biscuits, 5 pack",8.8 oz,3.59,2026-03-25
BENTON'S,"Chocolate Chip Cookies, 13 oz",13 oz,2.75,2026-03-25
SOUTHERN GROVE,"Almond, Dark Chocolate & Cashews Trail Mix, 15 oz",15 oz,5.39,2026-03-25
SOUTHERN GROVE,"Sweet & Salty Trail Mix, 8 count",8 ct,3.29,2026-03-25
CHOCEUR,"Milk Mini Chocolate Bars, 5 count",5 x 1.4 oz.,3.55,2026-03-25
SIMPLY NATURE,"Organic Blue Corn Tortilla Chips, 8.25 oz",8.25 oz,2.55,2026-03-25
BENTON'S,"Mini Bear Chocolate Grahams Snack Packs, 12 oz",12 oz,4.95,2026-03-25
SIMPLY NATURE,"Organic Multigrain Tortilla Chips, 8.25 oz",8.25 oz,2.55,2026-03-25
SOUTHERN GROVE,"California Raisins, 20 oz",20 oz,4.39,2026-03-25
CLANCY'S,"Pretzel Mini Twists, 1 lb",16 oz,2.19,2026-03-25
CLANCY'S,"Mesquite Barbecue Kettle Chips, 8 oz",8 oz,2.15,2026-03-25
CLANCY'S,"Jalapeño Kettle Chips, 8 oz",8 oz,2.15,2026-03-25
CLANCY'S,"Sea Salt and Vinegar Kettle Chips, 8 oz",8 oz,2.15,2026-03-25
SOUTHERN GROVE,"Dry Roasted Unsalted Peanuts, 16 oz",16 oz,2.65,2026-03-25
SOUTHERN GROVE,"Dried Mixed Berries, 5 oz",5 oz,2.99,2026-03-25
SOUTHERN GROVE,"Mountain Trail Mix, 26 oz",26 oz,6.55,2026-03-25
SOUTHERN GROVE,"Tropical Trail Mix, 26 oz",26 oz,6.55,2026-03-25
CLANCY'S,"Wavy Potato Chips, 10 oz",10 oz,1.99,2026-03-25
CLANCY'S,"Barbecue Potato Chips, 9.5 oz",9.5 oz,1.99,2026-03-25
CLANCY'S,"Restaurant Style Tortilla Chips, 13 oz",13 oz,2.15,2026-03-25
CLANCY'S,"Original Baked Potato Crisps, 6.25 oz",6.25 oz,3.29,2026-03-25
SOUTHERN GROVE,"Shelled Walnuts, 16 oz",16 oz,6.49,2026-03-25
SOUTHERN GROVE,"Honey Roasted Cashews, 10 oz",10 oz,4.95,2026-03-25
SAVORITZ,"Butter Entertainment Crackers, 7 oz",7 oz,1.69,2026-03-25
BENTON'S,"Mini Bear Honey Grahams Snack Packs, 12 oz",12 oz,4.95,2026-03-25
SOUTHERN GROVE,"Indulgent Trail Mix, 26 oz",26 oz,6.55,2026-03-25
SAVORITZ,"Saltine Crackers, 16 oz",16 oz,2.05,2026-03-25
BENTON'S,"Double Filled Chocolate Sandwich Creme Cookies, 15.35 oz",15.35 oz,2.75,2026-03-25
CHOCEUR,"Dark Chocolate Coconut Covered Almonds, 10 oz",10 oz,6.59,2026-03-25
SOUTHERN GROVE,"Unsalted Whole Almonds, 14 oz",14 oz,6.55,2026-03-25
CHOCEUR,"Superberry Pomegranate Dark Chocolate, 7 oz",7 oz,4.39,2026-03-25
SOUTHERN GROVE,"Deluxe Mixed Nuts with Sea Salt, 30 oz",30 oz,14.65,2026-03-25
CHOCEUR,"Dark Mini Chocolate Bars - 5 pack, 1.4 oz","5 x 1.4 oz,",3.55,2026-03-25
CHOCEUR,"Strawberry Yogurt Filled Mini Chocolate Bars, 7.05 oz",7.05 oz,3.65,2026-03-25
CHOCEUR,"European Dark Chocolate Bar with Whole Roasted Hazelnuts, 7.05 oz",7.05 oz,4.39,2026-03-25
CHOCEUR,"Milk Hazelnut Crisp Filled Mini Chocolate Bars, 7.05 oz",7.05 oz,3.65,2026-03-25
MOSER ROTH,"Dark Chili Chocolate Bar, 4.4 oz",4.4 oz,3.65,2026-03-25
CHOCEUR,"Hazelnut Crunch Mini Chocolate Bars - 5 pack, 1.4 oz",5 x 1.4 oz.,3.55,2026-03-25
MOSER ROTH,"Sea Salt Dark Chocolate Bar, 4.4 oz",4.4 oz.,3.65,2026-03-25
CHOCEUR,"Milk Creme Filled Mini Chocolate Bars, 7.05 oz",7.05 oz,3.65,2026-03-25
MOSER ROTH,"Toffee Crunch Creamy Chocolate Bar, 4.4 oz",4.4 oz.,3.65,2026-03-25
SIMPLY NATURE,"Chia Seeds, 12 oz",12 oz,4.09,2026-03-25
WERTHER'S ORIGINAL,"Chewy Caramel, 8.1 oz",8.098 oz,3.19,2026-03-25
MOSER ROTH,"Sea Salt & Caramel Dark Chocolate Bars, 5 count",4.4 oz.,3.65,2026-03-25
MOSER ROTH,"Mint Dark Chocolate Bar, 4.4 oz",4.4 oz.,3.65,2026-03-25
MOSER ROTH,"Orange & Almond Dark Chocolate Bar, 4.4 oz",4.4 oz,3.65,2026-03-25
MOSER ROTH,"Dark Chocolate 85% Cocoa Chocolate Bar, 4.4 oz",4.4 oz,3.65,2026-03-25
CHOCEUR,"Raisin & Nut Chocolate Bar, 7.05 oz",7.05 oz,4.39,2026-03-25
KNOPPERS,Crispy Milk Hazelnut Chocolate Wafer Snacks - 5 pack,5 x 0.88 oz,2.75,2026-03-25
SOUTHERN GROVE,"Deluxe Whole Cashews with Sea Salt, 30 oz",30 oz,11.55,2026-03-25
SOUTHERN GROVE,"Cashew Halves and Pieces with Sea Salt, 14 oz",14 oz,5.49,2026-03-25
SIMPLY NATURE,Whole Flax Seeds,16 oz,3.85,2026-03-25
SOUTHERN GROVE,"Dried Mediterranean Apricots, 6 oz",6 oz,4.05,2026-03-25
SOUTHERN GROVE,"Shelled Pistachios Roasted with Sea Salt, 6 oz",6 oz,6.59,2026-03-25
SIMPLY NATURE,"Freeze Dried Strawberries, 1 oz",1 oz,3.29,2026-03-25
SOUTHERN GROVE,"Peanut Cranberry Almond Trail Mix, 8 count",8 ct,3.29,2026-03-25
BENTON'S,"Duplex Sandwich Crème Cookies, 25 oz",25 oz,2.95,2026-03-25
SIMPLY NATURE,"Raw Cashews, Walnuts and Macadamia Nuts, 8 oz",8 oz,4.19,2026-03-25
FIT & ACTIVE,"Cheddar Rice Snacks, 6 oz",6 oz,3.29,2026-03-25
SOUTHERN GROVE,"Pistachios in Shell, 1 lb",16 oz,6.95,2026-03-25
SOUTHERN GROVE,"Salted Roasted Sunflower Kernels, 16 oz",16 oz,2.85,2026-03-25
SAVORITZ,"Wheat Entertainment Crackers, 8 oz",8 oz,1.69,2026-03-25
BENTON'S,"Vanilla Sandwich Crème Cookies, 25 oz",25 oz,2.95,2026-03-25
SOUTHERN GROVE,"Dried Blueberries, 3.5 oz",3.5 oz,2.99,2026-03-25
EXCITEMINT,"Sugar Free Wintergreen Mints, 1.5 oz",1.5 oz,1.99,2026-03-25
CLANCY'S,"Cheddar and Caramel Popcorn, 6.5 oz",6.5 oz,3.19,2026-03-25
SAVORITZ,"Garlic & Chive Pita Crackers, 5 oz",5 oz,2.75,2026-03-25
SOUTHERN GROVE,"Cajun Trail Mix, 27 oz",27 oz,6.55,2026-03-25
BENTON'S,"Danish Butter Cookies, 12 oz",12 oz,4.29,2026-03-25
SIMPLY NATURE,"Brown Milled Flax Seed, 16 oz",16 oz,3.85,2026-03-25
SOUTHERN GROVE,"Unsalted Roasted Sunflower Kernels, 16 oz",16 oz,2.85,2026-03-25
BENTON'S,"Original Chocolate Sandwich Creme Cookies, 14.3 oz",14.3 oz,2.75,2026-03-25
SOUTHERN GROVE,"Dried Cranberries, 6 oz",6 oz,1.89,2026-03-25
CLANCY'S,"Pretzel Sticks, 1 lb",16 oz,2.19,2026-03-25
CLANCY'S,"Honey Wheat Pretzels, 24 oz",24 oz,5.85,2026-03-25
SIMPLY NATURE,"Organic Sea Salt Popcorn, 6 oz",6 oz,3.65,2026-03-25
CLANCY'S,"Snack Combo Pack, 18 count",18 ct,7.15,2026-03-25
BAKER'S TREAT,"Blueberry Mini Muffins, 20 count",8.25 oz,3.05,2026-03-25
CLANCY'S,"Veggie Straws, 7 oz",7 oz,3.09,2026-03-25
CLANCY'S,"Big Dipper Tortilla Chips, 10 oz",10 oz,2.15,2026-03-25
SAVORITZ,"Golden Round Crackers, 13.7 oz",13.7 oz,2.45,2026-03-25
SOUTHERN GROVE,"California Raisin Boxes, 6 count",6 x 1 oz,2.15,2026-03-25
CLANCY'S,"Cheese Curls, 8.5 oz",8.5 oz,2.09,2026-03-25
CLANCY'S,"Cheese Puffs, 8 oz",8 oz,2.09,2026-03-25
CLANCY'S,"Sour Cream and Onion Potato Chips, 9.5 oz",9.5 oz,1.99,2026-03-25
FIT & ACTIVE,"Caramel Rice Snacks, 7 oz",7 oz,3.29,2026-03-25
SOUTHERN GROVE,"Dry Roasted Peanuts with Sea Salt, 16 oz",16 oz,2.65,2026-03-25
BENTON'S,"Vanilla Wafers, 11 oz",11 oz,3.15,2026-03-25
SAVORITZ,"Clubhouse Crackers, 13.7 oz",13.7 oz,3.29,2026-03-25
BENTON'S,"Pecan Shortbread Cookies, 11.3 oz",11.3 oz,2.49,2026-03-25
BENTON'S,"Cinnamon Graham Crackers, 14.4 oz",14.4 oz,2.19,2026-03-25
SAVORITZ,"Six Cracker Assortment, 13.1 oz",13.1 oz,4.19,2026-03-25
BENTON'S,"Animal Crackers, 13 oz",13 oz,2.99,2026-03-25
EXCITEMINT,"Sugar Free Peppermint Mints, 1.5 oz",1.5 oz,1.99,2026-03-25
SAVORITZ,"Soup & Oyster Crackers, 10 oz",10 oz,0.65,2026-03-25
SOUTHERN GROVE,"Sliced Almonds, 6 oz",6 oz,3.09,2026-03-25
SOUTHERN GROVE,"Slivered Almonds, 6 oz",6 oz,3.09,2026-03-25
SOUTHERN GROVE,"Serenity Trail Mix, 16 oz",16 oz,5.39,2026-03-25
SAVORITZ,"Sea Salt Pita Crackers, 5 oz",5 oz,2.75,2026-03-25
BENTON'S,"Graham Crackers, 14.4 oz",14.4 oz,2.19,2026-03-25
SAVORITZ,"Vegetable Entertainment Crackers, 8 oz",8 oz,1.69,2026-03-25
BAKER'S TREAT,"Apple Lunchbox Pie, 4 oz",4 oz,0.85,2026-03-25
BAKER'S TREAT,"Cherry Lunchbox Pie, 4 oz",4 oz,0.85,2026-03-25
EL MILAGRO,"Mexican Kitchen Style Tortilla Chips, 16 oz",16 oz,4.09,2026-03-25
CLANCY'S,"Corn Chips, 9.25 oz",9.25 oz,1.89,2026-03-25
CHOCEUR,"Milk Chocolate Bar, 5.29 oz",5.29 oz,2.55,2026-03-25
SOUTHERN GROVE,"Chopped Walnuts, 8 oz",8 oz,3.09,2026-03-25
CHOCEUR,"Milk Chocolate Bar with Almonds, 5.29 oz",5.29 oz,2.55,2026-03-25
CLANCY'S,"Pretzel Rods, 26 oz",26 oz,5.85,2026-03-25
SOUTHERN GROVE,"Tranquility Trail Mix, 16 oz",16 oz,5.39,2026-03-25
SOUTHERN GROVE,"Dried Montmorency Cherries, 5 oz",5 oz,2.99,2026-03-25
SAVORITZ,"Wheat Round Crackers, 12.9 oz",12.9 oz,2.45,2026-03-25
CLANCY'S,"Original Pretzel Slims, 8 oz",8 oz,2.09,2026-03-25
CLANCY'S,"Peanut Butter Filled Pretzels, 24 oz",24 oz,4.95,2026-03-25
CLANCY'S,"Original Potato Chips, 10 oz",10 oz,1.99,2026-03-25
FIT & ACTIVE,"Lightly Salted Rice Cakes, 4.9 oz",4.9 oz,3.25,2026-03-25
SIMPLY NATURE,"Freeze Dried Fuji Apples, 1.2 oz",1.2 oz,3.29,2026-03-25
BENTON'S,"Peanut Butter Filled Cookies, 9.5 oz",9.5 oz,2.45,2026-03-25
SOUTHERN GROVE,"Hickory Smoked Flavored Almonds, 14 oz",14 oz,6.55,2026-03-25
LIVEGFREE,"Gluten Free Sweet Chili Brown Rice Crisps, 7 oz",7 oz,2.99,2026-03-25
SOUTHERN GROVE,"Pitted Dried Prunes, 18 oz",18 oz,6.39,2026-03-25
SIMPLY NATURE,"Organic Fruit Snacks, 12 count",9.6 oz,5.45,2026-03-25
BENTON'S,"Cinnamon Breakfast Biscuits, 5 pack",8.8 oz,3.59,2026-03-25
SOUTHERN GROVE,"Chopped Pecans, 8 oz",8 oz,3.95,2026-03-25
CHOCEUR,"Peanut Butter Cups, 12 oz",12 oz,5.49,2026-03-25
SOUTHERN GROVE,"Mixed Nuts with Sea Salt, 14.75 oz",14.75 oz,5.85,2026-03-25
BAKER'S TREAT,"Chocolate Chip Mini Muffins, 20 count",8.25 oz,3.05,2026-03-25
SOUTHERN GROVE,"Dried Fruit Medley, 7.5 oz",7.5 oz,3.19,2026-03-25
SOUTHERN GROVE,"Cocktail Peanuts with Sea Salt, 16 oz",16 oz,2.65,2026-03-25
CHOCEUR,"Superberry Blueberry Acai Dark Chocolate, 7 oz",7 oz,4.39,2026-03-25
SIMPLY NATURE,"White Cheddar Puffs, 4 oz",4 oz,3.29,2026-03-25
SIMPLY NATURE,"Organic Yellow Corn Tortilla Chips, 11 oz",11 oz,2.99,2026-03-25
BAKER'S TREAT,"Swiss Rolls, 13 oz",13 oz,2.55,2026-03-25
SIMPLY NATURE,"Sweet Potato Chips, 7 oz",7 oz,4.15,2026-03-25
FIT & ACTIVE,"Caramel Corn Rice Cakes, 6.56 oz",6.56 oz,3.25,2026-03-25
BENTON'S,"Chewy Chocolate Chip Cookies, 13 oz",13 oz,2.75,2026-03-25
CHOCEUR,"Dark Chocolate Bar, 5.29 oz",5.29 oz,2.55,2026-03-25
SOUTHERN GROVE,"Deluxe Mixed Nuts Unsalted, 30 oz",30 oz,14.65,2026-03-25
CHOCEUR,"Dark Chocolate Almond Bar, 5.29 oz",5.29 oz,2.55,2026-03-25
BAKER'S TREAT,"Chocolate Cupcakes, 8 count",12.7 oz,2.75,2026-03-25
SOUTHERN GROVE,"Roasted Pepitas, 6 oz",6 oz,2.55,2026-03-25
BENTON'S,"Fig Bars, 14 oz",14 oz,2.75,2026-03-25
PUEBLO LINDO,"Tortilla Strips, 24 oz",24 oz,4.19,2026-03-25
SOUTHERN GROVE,"Adventure Trail Mix, 13 oz",13 oz,5.85,2026-03-25
SAVORITZ,"Mini Peanut Butter Sandwich Crackers, 8.8 oz",8.8 oz,3.05,2026-03-25
SAVORITZ,"Mini Cheese Sandwich Crackers, 8.8 oz",8.8 oz,3.05,2026-03-25
SOUTHERN GROVE,"Dried Tropical Pineapple, 6 oz",6 oz,3.19,2026-03-25
SOUTHERN GROVE,"Honey Roasted Peanuts, 16 oz",16 oz,2.65,2026-03-25
SOUTHERN GROVE,"Pecan Halves, 10 oz",10 oz,5.85,2026-03-25
CLANCY'S,"Barbecue Baked Potato Crisps, 6.25 oz",6.25 oz,3.29,2026-03-25
SNICKERS,"SNICKERS Full Size Chocolate Candy Bar, 1.86 oz Bar",1.86 oz,1.75,2026-03-25
BAKER'S TREAT,"Cinnamon Streusel Cakes, 8 count",11.6 oz,3.25,2026-03-25
MOSER ROTH,"Dark Chocolate 70% Cocoa Chocolate Bar, 4.4 oz",4.4 oz,3.65,2026-03-25
SAVORITZ,"Mini Peanut Butter Sandwich Crackers, 12 oz",12 oz,5.49,2026-03-25
SAVORITZ,"Mini Cheese Sandwich Crackers , 12 oz",12 oz,5.49,2026-03-25
BENTON'S,"Caramel Coconut Fudge Cookies, 8.5 oz",8.5 oz,2.55,2026-03-25
BENTON'S,"Fudge Striped Shortbread Cookies, 13 oz",13 oz,2.09,2026-03-25
BAKER'S TREAT,"Mini Brownie Bites, 8.25 oz",9.7 OZ,3.05,2026-03-25
BAKER'S TREAT,"Confetti Cake Mini Muffins, 5 Packs",8.25 oz,3.05,2026-03-25
SIMPLY NATURE,"Strawberry Fruit Strips, 21 count",21 ct,5.85,2026-03-25
EXCITEMINT,"Sugar Free Yellow Sour Mints, 1.5 oz",1.5 oz,1.99,2026-03-25
EXCITEMINT,"Sugar Free Red Sour Mints, 1.5 oz",1.5 oz,1.99,2026-03-25
SAVORITZ,"Vegetable Round Crackers, 13.3 oz",13.3 oz,2.45,2026-03-25
SIMMS,"Zero Sugar Original Smoked Snack Sticks, 9.5 oz",9.5 oz,8.05,2026-03-25
SIMPLY NATURE,"Cheddar Cauliflower Crackers, 4 oz",4 oz,2.99,2026-03-25
MENTOS,"Spearmint Gum, 3.5 oz",3.5 oz,4.55,2026-03-25
,"Caramel Apples, 3 count",3 ct,3.85,2026-03-25
SAVORITZ,"Rosemary Olive Oil Woven Wheat Crackers, 9 oz",9 oz,2.75,2026-03-25
NABISCO,"Party Size Chewy Chips Ahoy Cookies, 26 oz",26 oz,6.59,2026-03-25
HERSHEY'S,"Kit Kat Snack Size, 8 count",3.92 oz,2.35,2026-03-25
LITTLE DEBBIE,"Oatmeal Creme Pies, 12 count",16.2 oz,3.29,2026-03-25
CLANCY'S,"Butter Puffed Corn, 5 oz",5 oz,1.75,2026-03-25
SIMPLY NATURE,"Organic Raw Unsalted Cashews, 14 oz",14 oz,8.25,2026-03-25
SAVORITZ,"Turtles Baked Cheddar Snack Crackers, 19 oz",19 oz,4.29,2026-03-25
BENTON'S,"Orange Cranberry Breakfast Biscuit, 8.8 oz",8.8 oz,3.59,2026-03-25
CLANCY'S,"Roasted Garlic Bagel Chips, 6 oz",6 oz,3.19,2026-03-25
CLANCY'S,"Sea Salt Bagel Chips, 6 oz",6 oz,3.19,2026-03-25
SIMPLY NATURE,"Organic Roasted Salted Cashews, 14 oz",14 oz,8.25,2026-03-25
BENTON'S,"Chocolate Chip Cookie Thins, 4 oz",4 oz,2.65,2026-03-25
CLANCY'S,"Ranch Veggie Straws, 7 oz",7 oz,3.09,2026-03-25
BETTY CROCKER,"Gusher Variety Pack, 4.8 oz",4.8 oz,3.29,2026-03-25
FERRERO,"Kinder Bueno Chocolate Bar, 1.5 oz",1.5 oz,1.39,2026-03-25
SAVORITZ,"Family Size Baked Cheese Crackers, 21 oz",21 oz,4.19,2026-03-25
HERSHEY'S,"Reese's Peanut Butter Cups Snack Size, 8 count",4.4 oz,2.35,2026-03-25
SIMPLY NATURE,"Organic Raw Cashews, 14 oz",14 oz,8.25,2026-03-25
GOYA,"Maria Cookies, 7 oz",7 oz,1.39,2026-03-25
DEUTSCHE KÜCHE,"Vanilla Spritz Shortbread Cookies, 10.6 oz",10.6 oz,3.49,2026-03-25
MAMBA,Fruit Chews,2.8 oz,1.35,2026-03-25
FRITO LAY,"Flavor Mix Variety Pack Chips, 18 count",18 ct,10.99,2026-03-25
SIMMS,"Zero Sugar Spicy Jalapeno Smoked Snack Sticks, 9.5 oz",9.5 oz,8.05,2026-03-25
MENTOS,"Fresh Mint Gum, 3.5 oz",3.5 oz,4.55,2026-03-25
NABISCO,"Party Size Original Chips Ahoy Cookies, 25.3 oz",25.3 oz,6.59,2026-03-25
SIMMS,"Mild Smoked Snack Sticks, 14 count",3.92 oz,3.09,2026-03-25
BENTON'S,"Family Size Iced Oatmeal Cookies, 18 oz",18 oz,2.15,2026-03-25
SAVORITZ,"Cracked Pepper Woven Wheat Crackers, 9 oz",9 oz,2.75,2026-03-25
WERTHER'S ORIGINAL,"Hard Candy, 8.1 oz",8.098 oz,3.19,2026-03-25
DEUTSCHE KÜCHE,"Almond Spritz Shortbread Cookies, 10.6 oz",10.6 oz,3.49,2026-03-25
SAVORITZ,"Turtle Baked Extra Cheddar Snack Crackers, 19 oz",19 oz,4.29,2026-03-25
SIMPLY NATURE,"Wildberry Fruit Strips, 21 count",21 ct,5.85,2026-03-25
FERRERO,"Kinder Joy Egg, 0.7 oz",0.7 oz,2.15,2026-03-25
MAMBA,Tropics Fruit Chews,2.8 oz,1.35,2026-03-25
MILLVILLE,"Original Crispy Rice Treats, 8 count",,2.75,2026-03-25
REESE'S,"Reese's Peanut Butter Cups, 1.5 oz",1.5 oz,2.05,2026-03-25
CLANCY'S,"Pub Style Seasoned Pretzels, 12 oz",12 oz,1.89,2026-03-25
SIMMS,"Original Smoked Snack Sticks, 14 count",3.92 oz,3.09,2026-03-25
SIMPLY NATURE,"Sea Salt Cauliflower Crackers, 4 oz",4 oz,2.99,2026-03-25
BENTON'S,"Family Size Oatmeal Cookies, 18 oz",18 oz,2.15,2026-03-25
CLANCY'S,"Cheese Puffed Corn, 5 oz",5 oz,1.75,2026-03-25
DORITOS,"Nacho Cheese Tortilla Chips, 9.25 oz",9.25 oz,4.39,2026-03-25
SAVORITZ,"Family Size Baked Extra Toasty Crackers, 21 oz",21 oz,4.19,2026-03-25
SAVORITZ,"Family Size Baked White Cheddar Cheese Crackers, 21 oz",21 oz,4.19,2026-03-25
DEUTSCHE KÜCHE,"Coconut Spritz Shortbread Cookies, 10.6 oz",10.6 oz,3.49,2026-03-25
GENERAL MILLS,"Peanut Butter Biscuits, 5 count",,3.85,2026-03-25
REESE'S,"Peanut Butter Candy Cookies, 10 count",14 oz,4.49,2026-03-25
BETTY CROCKER,"Tongue Tattoos Fruit Roll-Ups Variety Pack, 10 count",5 oz,3.29,2026-03-25
ELEVATION,"Jalapeno Cheddar Protein Puffs, 2.1 oz",2.1 oz,3.29,2026-03-25
ELEVATION,"Nacho Cheese Protein Puffs, 2.1 oz",2.1 oz,3.29,2026-03-25
REESE'S,"Chocolate Peanut Butter Candy Cookies, 10 count",14 oz,4.49,2026-03-25
BENTON'S,"Coconut Cookie Thins, 4 oz",4 oz,2.65,2026-03-25
TAKIS,"Rolled Fuego Tortilla Chips, 9.9 oz",9.9 oz.,4.39,2026-03-25
DEUTSCHE KÜCHE,"Dark Chocolate Covered Wafers, 6.17 oz",6.17 oz,2.99,2026-03-25
DEUTSCHE KÜCHE,"Milk Chocolate Coated Wafer Rolls, 4.41 oz",4.4 oz,2.99,2026-03-25
DEUTSCHE KÜCHE,"Milk Chocolate Covered Wafers, 6.17 oz",6.17 oz,2.99,2026-03-25
DEUTSCHE KÜCHE,"Dark Chocolate Coated Wafer Rolls, 4.41 oz",4.4 oz,2.99,2026-03-25
HARIBO,"Goldbears Gummy Candy, 5 oz",4 oz,1.35,2026-03-25
SUN CHIPS,"Garden Salsa Whole Grain Chips, 7 oz",7 oz,4.39,2026-03-25
SUN CHIPS,"Harvest Cheddar Whole Grain Chips, 7 oz",7 oz,4.39,2026-03-25
PRINGLES,"Original Pringles Party Stacks, 6.8 oz",6.8 oz,3.25,2026-03-25
PRINGLES,"Cheddar Cheese Pringles Party Stacks, 7.1 oz",7.1 oz,3.25,2026-03-25
PRINGLES,"Sour Cream & Onion Pringles Party Stacks, 7.1 oz",7.1 oz,3.25,2026-03-25
FRITO LAY,Crunchy Cheetos,15 oz,6.55,2026-03-25
BAKER'S TREAT,"Confetti Brownies with Chocolate Chips Candies, 6 count",13.12 oz,2.95,2026-03-25
CHOCEUR,"White Chocoalte Mini Chocolate Bars - 5 count, 1.4 oz",5 x 1.4 oz.,3.55,2026-03-25
CLANCY'S,"Hint of Lime Tortilla Chips, 13 oz",13 oz,2.15,2026-03-25
GENERAL MILLS,"Cinnamon Brown Sugar Soft Baked Oatmeal Squares, 6 count",,3.85,2026-03-25
LITTLE DEBBIE,"Zebra Snack Cakes, 10 count",13 oz,3.29,2026-03-25
CADBURY,"Easter Mini Eggs Chocolate Candies, 9 oz",9 oz,4.97,2026-03-25
KINDER JOY,"Easter Egg Multipack Treats, 6 count",4.2 oz,7.99,2026-03-25
MOSER ROTH,"Easter Finest Milk Chocolate Crème Filled Eggs, 5.3 oz",5.3 oz,3.29,2026-03-25
STARBURST,"FaveREDS Jelly Beans, 14 oz",14 oz,3.97,2026-03-25
PEZ,"Easter Candies, 1.74 oz",1.74 oz,1.99,2026-03-25
MOSER ROTH,"Easter Finest Crispy Hazelnut Filled Eggs, 5.3 oz",5.3 oz,3.29,2026-03-25
M&M'S,"Easter Peanut Chocolate Candies, 10 oz",10 oz,4.97,2026-03-25
M&M'S,"Easter Pastel Blend Milk Chocolate Candies, 10 oz",10 oz,4.97,2026-03-25
CHOCEUR,"Easter Caramel Filled Mini Chocolate Bunnies, 5.2 oz",5.29 oz,3.69,2026-03-25
STARBURST,"Original Jelly Beans, 14 oz",14 oz,3.97,2026-03-25
CHOCEUR,"Easter Raspberry Filled Mini Chocolate Bunnies, 5.2 oz",5.29 oz,3.69,2026-03-25
PEEPS,"Gluten & Fat Free Marshmallow Chicks, 10 count",3 oz,1.49,2026-03-25
CREATE-A-TREAT,"Easter Colorful Eggs Decorate Cookie Kit , 8 count",12.9 oz,5.99,2026-03-25
BAKER'S TREAT,"Mini Confetti Cake Muffins, 8.25 oz",8.3 oz,3.05,2026-03-25
CHOCEUR,"Dark Chocolate Sea Salt Caramels, 13.8 oz",13.8 oz,4.39,2026-03-25
POPFULLY,"Gluten Free Yellow Popcorn Kernels, 45 oz",45 oz,3.99,2026-03-25
BENTON'S,Cookie Assortment,17.6 oz,4.09,2026-03-25
LIVEGFREE,"Gluten Free Sea Salt Brown Rice Crisps, 7 oz",7 oz,2.99,2026-03-25
BENTON'S,Wafer Assortment,14.11 oz,4.09,2026-03-25
CLANCY'S,"Movie Theater Butter Microwave Popcorn, 12 count",12 x 2.5 oz,4.95,2026-03-25
MENTOS,"Red Fruit Tropical Gum, 3.5 oz",3.5 oz,4.55,2026-03-25
SIMPLY NATURE,"Dark Chocolate Covered Strawberries, 4 oz",4 oz,4.39,2026-03-25
SIMPLY NATURE,"Dark Chocolate Covered Banana, 4 oz",4 oz,4.39,2026-03-25
SIMPLY NATURE,"Freeze Dried Fruit, 8 count",2.1 oz,6.05,2026-03-25
SOUTHERN GROVE,"Everything Bagel Cashews, 10 oz",10 oz,4.95,2026-03-25
CLANCY'S,"Bite Size Tortilla Chips, 13 oz",13 oz,2.15,2026-03-25
NABISCO,"Ritz Fresh Stacks Crackers, 17.8 oz",17.8 oz,5.75,2026-03-25
BRACH'S,"Easter Classic Jelly Beans, 14.5 oz",14.5 oz,3.39,2026-03-25
CHOCEUR,"Milk Chocolate with Peanut Butter Bunnies, 6 oz",6 oz,3.99,2026-03-25
SAVORITZ,"Cheddar Cheese Crisp, 1.95 oz",1.95 oz,2.75,2026-03-25
SAVORITZ,"Parmesan Cheese Crisp, 1.95 oz",1.95 oz,2.75,2026-03-25
STARBURST,"STARBURST Original Fruit Chews Chewy Candy Full Size, 2.07 oz",2.07 oz,1.75,2026-03-25
M&M'S,"Chocolate Candy Sharing Size, 10 oz Bag",10 oz,6.05,2026-03-25
EXCITEMINT,"Spearmint Cube Gum, 3.24 oz",3.24 oz,3.29,2026-03-25
EXCITEMINT,"Peppermint Gum Cube, 3.24 oz",3.24 oz,3.29,2026-03-25
EXCITEMINT,"Sugar Free Arctic Grape Cool Cubes, 40 Cubes",3.24 oz,3.29,2026-03-25
M&M'S,"Peanut Milk Chocolate Candy Sharing Size, 10.05 oz Bag",10 oz,6.05,2026-03-25
SAVORITZ,"Sesame Flatbread Cracker, 5 oz",5 oz,2.19,2026-03-25
SAVORITZ,"Rosemary Flatbread Cracker, 5 oz",5 oz,2.19,2026-03-25
SAVORITZ,"Everything Flatbread Cracker, 5 oz",5 oz,2.19,2026-03-25
SKITTLES,"SKITTLES Original Chewy Candy Full Size, 2.17 oz Bag",2.17 oz,1.75,2026-03-25
CHOCEUR,"Milk Chocolate Bar with Salted Pretzel Pieces, 7.05 oz",7.05 oz,4.39,2026-03-25
CHOCEUR,"Milk Chocolate Bar with Crunchy Salted Caramel, 7.05 oz",7.05 oz,4.39,2026-03-25
CHOCEUR,"Milk Chocolate Bar with Honey Salted Almonds, 7.05 oz",7.05 oz,4.39,2026-03-25
MOSER ROTH,"Dark Chocolate Cranberry Bar, 4.4 oz",4.4 oz,3.65,2026-03-25
MOSER ROTH,"Dark Chocolate Raspberry Almond Bar, 4.4 oz",4.4 oz,3.65,2026-03-25
CHOCEUR,"Milk Chocolate S'more Clusters, 6 oz",6 oz,3.65,2026-03-25
CHOCEUR,"Dark Chocolate Caramel Pretzel, 6 oz",6 oz,3.65,2026-03-25
CHOMPS,"Chomps Original Beef Sticks, 1.15 oz",1.15 oz,2.65,2026-03-25
CHOMPS,"Chomps Jalapeno Beef Sticks, 1.15 oz",1.15 oz,2.65,2026-03-25
BENTON'S,"Peanut Butter Crème Sandwich Cookies, 16 oz",16 oz,3.05,2026-03-25
SIMPLY NATURE,"Raw Almond, Pecan & Pistachios Kernels, 8 oz",8 oz,4.19,2026-03-25
CLANCY'S,"Kettle Variety Pack Potato Chips, 16 count",16 oz.,7.25,2026-03-25
SOUTHERN GROVE,"Honey Roasted Almonds, 14 oz",14 oz,6.55,2026-03-25
CLANCY'S,"Carrot Cake Flavored Kettle Corn, 5 oz",5 oz,2.29,2026-03-25
CHOCEUR,"Easter Belgian Milk Chocolate Coins, 4.06 oz",4.06 oz,2.49,2026-03-25
CLANCY'S,"Sweet Vanilla Flavored Kettle Corn, 5 oz",5 oz,2.29,2026-03-25
CAMPFIRE,"Gluten & Fat Free Egg Shaped Marshmallows, 10 oz",10 oz,1.89,2026-03-25
CHOCEUR,"Cookies & Milk Creme Filled Chocolate Bars, 11 count",7.05 oz,3.65,2026-03-25
WELCH'S,"Easter Mixed Fruit Snacks Pouches, 26 count",13 oz,5.88,2026-03-25
CHOCEUR,"Dark Chocolate with Salty Fudge & Almond Choco Changer Chocolate Bar, 5 oz",5.291 oz,3.29,2026-03-25
CHOCEUR,"Milk Chocolate Nougat Honeycomb & Sea Salt Choco Changer Chocolate Bar, 5 oz",,3.29,2026-03-25
CHOCEUR,"Milk Chocolate Brownie & Salted Caramel Choco Changer Chocolate Bar, 5 oz",5.291 oz,3.29,2026-03-25
BENTON'S,"Chocolate Chip 100 Calorie Snack Packs, 6 count",4.86 oz,3.29,2026-03-25
BENTON'S,"Chocolate 100 Calorie Snack Packs, 6 count",4.86 oz,3.29,2026-03-25
BAKE SHOP,"Chocolate & Vanilla Mini Cup Cakes, 12 count",10 oz,3.89,2026-03-25
BLACK FOREST,"Juicy Burst Variety Pack Fruit Snacks, 36 count",28.8 oz,9.05,2026-03-25
CHOCEUR,"Milk Chocolate Covered English Toffee Almonds, 10 oz",10 oz,6.59,2026-03-25
MOSER ROTH,"Dark Chocolate Delice Truffles, 5 oz",4.9383 oz,3.55,2026-03-25
MOSER ROTH,"Milk Chocolate Delice Truffles, 5 oz",4.9383 oz,3.55,2026-03-25
LIFESAVERS,"Gummy Candy Collisions, 7 oz Bag",7 oz,2.19,2026-03-25
LIFESAVERS,"Wint-O-Green Breath Mints Hard Candy, 6.25 oz Bag",6.25 oz,2.19,2026-03-25
MOSER ROTH,"Assorted Chocolate Delice Truffles, 5 oz",4.9383 oz,3.55,2026-03-25
MOSER ROTH,"White Chocolate Delice Truffles, 5 oz",4.9383 oz,3.55,2026-03-25
BAKER'S TREAT,"Honey Buns, 6 count",10.5 oz,2.55,2026-03-25
CLANCY'S,"Gluten Free White Cheddar Popcorn Chips, 7 oz",7 oz,3.09,2026-03-25
CLANCY'S,"Gluten Free Kettle Popcorn Chips, 7 oz",7 oz,3.09,2026-03-25
RITZ,"Peanut Butter Sandwich Crackers, 10.8 oz",10.8 oz,3.95,2026-03-25
RITZ,"Cheese Sandwich Crackers, 10.8 oz",10.8 oz,3.95,2026-03-25
BENTON'S,"Mini Waffle Milk Chocolate Cones, 4.23 oz",4.23 oz,4.19,2026-03-25
CHESTER'S,"Flamin' Hot Flavored Fries, 5.25 oz",5.25 oz,2.75,2026-03-25
CHESTER'S,"Ranch Flavored Fries, 5.25 oz",5.25 oz,2.75,2026-03-25
SAVORITZ,"Bite Sized Sea Salt Pretzel Crackers, 5.5 oz",5.5 oz,3.29,2026-03-25
SAVORITZ,"Bite Sized Honey Mustard Pretzel Crackers, 5.5 oz",5.5 oz,3.29,2026-03-25
LUNCH BUDDIES,"Dino & Dragon Shaped Fruit Flavored Snacks, 10 count",8 oz,2.85,2026-03-25
LUNCH BUDDIES,"Strawberry Flavored Fruit Snacks, 22 count",17.6 oz,4.75,2026-03-25
LUNCH BUDDIES,"Mixed Berry Flavored Fruit Snacks, 22 count",17.6 oz,4.75,2026-03-25
SPECIALLY SELECTED,"Garlic & Herb Nut Blends, 8.5 oz",8.5 oz,5.49,2026-03-25
CLANCY'S,"Sea Salt Pita Chips, 7.33 oz",7.33 oz,2.55,2026-03-25
CLANCY'S,"Parmesan Garlic & Herb Pita Chips, 7.33 oz",7.33 oz,2.55,2026-03-25
LUNCH BUDDIES,"Assorted Flavor Fruit Snacks, 50 count",40 oz,10.25,2026-03-25
HARIBO,"Soft & Fruity Peach Flavor Candies, 8 oz",8 oz,2.55,2026-03-25
HARIBO,"Sweet & Sour Twin Snakes Candies, 8 oz",8 oz,2.55,2026-03-25
HARIBO,"Starmix Gummy Candies, 8 oz",8 oz,2.55,2026-03-25
HARIBO,"Sour Streamers Gummy Candies, 7.2 oz",7.2 oz,2.55,2026-03-25
MAMBA,Berrytasty Fruit Chews,2.8 oz,1.35,2026-03-25
NERDS,"Rainbow Gummy Clusters, 8 oz",8 oz,3.75,2026-03-25
NERDS,"Very Berry Gummy Clusters, 8 oz",8 oz,3.75,2026-03-25
CHOCEUR,"Milk Chocolate Covered Almonds, 10 oz",10 oz,5.59,2026-03-25
CHOCEUR,"Dark Chocolate Covered Almonds, 10 oz",10 oz,5.59,2026-03-25
MOSER ROTH,"White Chocolate Truffle, 5.3 oz",5.3 oz,3.65,2026-03-25
MOSER ROTH,"Milk Chocolate Truffle, 5.3 oz",5.3 oz,3.65,2026-03-25
MOSER ROTH,"Dark Chocolate Mousse, 5.3 oz",5.3 oz,3.65,2026-03-25
MOSER ROTH,"Dark Chocolate Mousse with Orange, 5.3 oz",5.3 oz,3.65,2026-03-25
SAVORITZ,"Raisin & Rosemary Artisan Crisp, 5.3 oz",5.3 oz,4.29,2026-03-25
SAVORITZ,"Cranberry & Sea Salt Artisan Crisp, 5.3 oz",5.3 oz,4.29,2026-03-25
SAVORITZ,"Fig & Black Sesame Artisan Crisp, 5.3 oz",5.3 oz,4.29,2026-03-25
BENTON'S,"Hazelnut Cookies, 6.07 oz",6.07 oz,2.45,2026-03-25
BENTON'S,"Zingy Orange Jaffa Cakes, 10.58 oz",10.58 oz,2.99,2026-03-25
BENTON'S,"Sweet Strawberry Jaffa Cakes, 10.58 oz",10.58 oz,2.99,2026-03-25
BENTON'S,"Belgian Butter Waffle Cookies, 3.52 oz",3.52 oz,2.19,2026-03-25
BENTON'S,"Belgian Dark Chocolate Butter Waffle Crisp Cookies, 3.88 oz",3.88 oz,2.19,2026-03-25
SOUTHERN GROVE,"On The Go Sweet Variety Nut Packs, 12 Snack Packs",12 oz,8.79,2026-03-25
SOUTHERN GROVE,"On The Go Salty Variety Nut Packs, 12 Snack Packs",10.8 oz,8.79,2026-03-25
CLANCY'S,"Mexican Style Street Corn Chip Dippers, 9.25 oz",9.25 oz,1.99,2026-03-25
CLANCY'S,"Original Corn Chip Dippers, 9.25 oz",9.25 oz,1.99,2026-03-25
BENTON'S,"Speculoos Crunchy Cookies, 8.8 oz",8.8 oz,2.19,2026-03-25
BENTON'S,"Soft Baked Peanut Butter Cookies, 10 oz",10 oz,3.29,2026-03-25
BENTON'S,"Soft Baked Monster Cookies, 10 count",10 oz,3.29,2026-03-25
BENTON'S,"Chocolate Brownie, 10 oz",10 oz,3.29,2026-03-25
BENTON'S,"Italian Choco Wafers, 6 count",5.08 oz,4.39,2026-03-25
CLANCY'S,"Ridged Cheddar & Sour Cream Flavored Potato Chips, 9 oz",9 oz,1.99,2026-03-25
CLANCY'S,"Ridged Jalapeno Ranch Flavored Potato Chips, 9 oz",9 oz,1.99,2026-03-25
CLANCY'S,"Original Fried Pork Rinds, 5 oz",,1.99,2026-03-25
CLANCY'S,"Hot & Spicy Fried Pork Rinds, 5 oz",,1.99,2026-03-25
WERTHER'S ORIGINAL,"Hard Caramel with Apple Filling, 8.10 oz",8.098 oz,3.19,2026-03-25
SOUTHERN GROVE,"Cheddar Crunch Trail Mix, 14 oz",14 oz,6.59,2026-03-25
GENERAL MILLS,"Family Size Cheddar Chex Mix, 13.5 oz",13.5 oz,4.39,2026-03-25
GENERAL MILLS,"Family Size Traditional Chex Mix, 13.5 oz",13.5 oz,4.39,2026-03-25
SIMMS,"Original Premium Cut Beef Jerky, 5 oz",5 oz,6.05,2026-03-25
SIMMS,"Jumbo Size Teriyaki Beef Jerky, 5 oz",5 oz,6.05,2026-03-25
SIMMS,"Peppered Premium Cut Beef Jerky, 5 oz",5 oz,6.05,2026-03-25
BAKER'S TREAT,"Peanut Butter Wafers, 12 count",12 oz,2.55,2026-03-25
SOUTHERN GROVE,"Chocolate Peanut Butter Trail Mix, 13 oz",13 oz,5.39,2026-03-25
SOUTHERN GROVE,"Almond, Cranberry & Cashew Trail Mix, 20 oz",20 oz,5.49,2026-03-25
SOUTHERN GROVE,"Honey Nut Trail Mix, 19 oz",19 oz,5.49,2026-03-25
CHOCEUR,"Milk Chocolate Bar with Smooth Peanut Butter Filling, 7.05 oz",7.05 oz,4.39,2026-03-25
SAVORITZ,"Thin Wheat Original Crackers, 9.1 oz",8.5 oz,3.29,2026-03-25
SAVORITZ,"Cheese Dip & Cracker Sticks, 5 pack",5 oz,2.15,2026-03-25
BENTON'S,"Mini Chewy Chocolate Chips Cookies, 12 pouches",12 oz,4.29,2026-03-25
BENTON'S,Mini Alphabet Cookies,12 oz,4.29,2026-03-25
BENTON'S,"Birthday Cake Mini Animal Cookies, 12 count",12 oz,4.29,2026-03-25
SOUTHERN GROVE,"Unsalted Deluxe Whole Cashews, 16 oz",,7.15,2026-03-25
SOUTHERN GROVE,"Light Salted Deluxe Whole Cashews, 16 oz",,7.15,2026-03-25
PEPPERIDGE FARM,"Extra Cheddar Goldfish Crackers, 12 oz",12 oz,4.65,2026-03-25
PEPPERIDGE FARM,"Cheddar Goldfish Crackers, 12 oz",12 oz,4.65,2026-03-25
CLANCY'S,"Gluten Free Nacho Cheese Tortilla Chips, 9.25 oz",9.25 oz,1.89,2026-03-25
SIMMS,"Original Grass Fed Beef Sticks, 8 count",9.2 oz,14.29,2026-03-25
SIMMS,"Jalapeno Grass Fed Beef Sticks, 8 count",9.2 oz,14.29,2026-03-25
BENTON'S,"Apricot Puff Pastry Squares, 6.53 oz",6.53 oz,3.29,2026-03-25
BENTON'S,"Strawberry Puff Pastry Squares, 6.53 oz",6.53 oz,3.29,2026-03-25
BENTON'S,"Cherry Puff Pastry Squares, 6.53 oz",6.53 oz,3.29,2026-03-25
CLANCY'S,"White Cheddar Cheese Popcorn, 8.5 oz",6.75 oz,2.05,2026-03-25
SIMPLY NATURE,"Organic Gluten Free Dark Chocolate Coconut Clusters, 10 oz",10 oz,6.05,2026-03-25
SIMPLY NATURE,"Organic Gluten Free Super Seed Coconut Clusters, 10 oz",10 oz,6.05,2026-03-25
CHOCEUR,Burnt Caramel Chocolate Bar,1.5 oz,1.89,2026-03-25
CHOCEUR,"Dark Chocolate Sea Salt Bar, 1.5 oz",1.5 oz,1.89,2026-03-25
CLANCY'S,"Toffee Pretzels, 8 oz",8 oz.,3.29,2026-03-25
TWIX,"TWIX Caramel Cookie Milk Chocolate Candy Bars, Full Size, 1.79 oz Pack",1.79 oz,1.75,2026-03-25
NABISCO,"Mini Oreo Cookies, 10 count",10 oz.,5.89,2026-03-25
NABISCO,"Mini Nilla Cookies, 10 count",10 oz.,5.89,2026-03-25
NABISCO,"Mini Variety Pack Cookies, 10 count",10 oz.,5.89,2026-03-25
BENTON'S,"Milk Chocolate, 4.41 oz",4.41 oz,2.75,2026-03-25
BENTON'S,"Dark Chocolate Cookies, 4.41 oz",4.41 oz,2.75,2026-03-25
PEPPERIDGE FARM,"On The Go Goldfish Cheddar Packs, 20 count",20 oz,9.76,2026-03-25
CHOCEUR,Milk Chocolate with Roasted Hazelnuts,7.05 oz,4.39,2026-03-25
SAVORITZ,Pizza Sourdough Pita Crackers,5 oz,2.75,2026-03-25
SAVORITZ,Sea Salt Sourdough Pita Cracker,5 oz,2.75,2026-03-25
CLANCY'S,"Birthday Cake Pretzels, 8 oz",8 oz.,3.29,2026-03-25
CLANCY'S,"Gluten Free Tortilla Chips with Sea Salt, 5 oz",5 oz,3.55,2026-03-25
CLANCY'S,"Gluten Free Lime Tortilla Chips, 5 oz",5 oz,3.55,2026-03-25
BENTON'S,"Mini Waffle Dark Chocolate Cones, 4.23 oz",4.23 oz,4.19,2026-03-25
CLANCY'S,"Teriyaki Roasted Seaweed Snacks, 3 Pack",0.51 oz,2.19,2026-03-25
CHOCEUR,Milk Chocolate Bar with Smooth Caramel Filling,7.05 oz,4.39,2026-03-25
CLANCY'S,"Sea Salt & Vinegar Avocado Oil Kettle Chips, 5 oz",5 oz,3.09,2026-03-25
CLANCY'S,"Chipotle BBQ Avocado Oil Kettle Chips, 5 oz",5 oz,3.09,2026-03-25
SIMMS,"Zero Sugar Black Pepper Beef Jerky, 4.25 oz",4.25 oz,7.15,2026-03-25
SIMMS,"Original Zero Sugar Beef Jerky, 4.25 oz",4.25 oz,7.15,2026-03-25
CLANCY'S,"Gluten Free Sea Salt Avocado Oil Kettle Cooked Potato Chips, 5 oz",5 oz,3.29,2026-03-25
THE NEW PRIMAL,"Chicken and Maple Snack Mates, 2.5 oz",2.5 oz,6.05,2026-03-25
BENTON'S,"Raspberry Jaffa Cake, 10.58 oz",10.58 oz,2.99,2026-03-25
JUST THE FUN PART,"Popping Candy Mini Waffle Cones, 4.23 oz",4.23 oz,4.19,2026-03-25
JUST THE FUN PART,Dubai Cones,4.23 oz,4.19,2026-03-25
SOUTHERN GROVE,Dried Premium Mango,6 oz,3.59,2026-03-25
BENTON'S,Belgian Butter Chocolate Almond Thins,,2.19,2026-03-25
SOUTHERN GROVE,"Roasted Pumpkin Seeds with Salt, 5 oz",6 oz,2.55,2026-03-25
SOUR PATCH KIDS,Chewy Candy,8 oz,3.09,2026-03-25
SOUR PATCH KIDS,Watermelon Chewy Candy,8 oz,3.09,2026-03-25
PICCA,Milk Chocolate with Kadaif & Pistachio,3.53 oz,3.99,2026-03-25
FRITO LAY,Party Size Flamin' Hot Crunchy Cheetos,15 oz,6.55,2026-03-25
BENTON'S,"Gluten Free Chocolate Chip Mini Cookies, 10 pouches",6.7 oz,4.95,2026-03-25
BENTON'S,"Gluten Free Birthday Cake Mini Cookies, 10 pouches",6.7 oz,4.95,2026-03-25
CHOMPS,Original Turkey Meat Stick,1.15 oz,2.65,2026-03-25
JOVY,Spicy Peach Rings,6 oz,2.09,2026-03-25
JOVY,Spicy Watermelon Rings,6 oz,2.09,2026-03-25
SAVORITZ,"Nordic Sourdough Sea Salt Crackers, 4.58 oz",4.58 oz,3.29,2026-03-25
SAVORITZ,"Nordic Sourdough Jalapeno Crackers, 4.58 oz",4.58 oz,3.29,2026-03-25
SAVORITZ,Tomato Basil Thin Wheat Crackers,8.5 oz,3.29,2026-03-25
CLANCY'S,"Gluten Free Lightly Salted Pea Crisps, 3.3 oz",3.3 oz,2.19,2026-03-25
CLANCY'S,Gluten Free Sour Cream & Onion Flavored Lentil Loops,3.3 oz,2.19,2026-03-25
JOLLY RANCHER,"Assorted Fruit Mixed Spring Gummies, 6.8 oz",6.8 oz,2.97,2026-03-25
HERSHEY'S,"York Peppermint Eggs, 9.6 oz",9.6 oz,4.97,2026-03-25
HERSHEY'S,"Snack Size Chocolate Bunnies, 8.85 oz",8.85 oz,4.97,2026-03-25
HERSHEY'S,"Mini Peanut Butter Cups, 9.6 oz",9.6 oz,4.97,2026-03-25
HERSHEY'S,"Snack Size Peanut Butter Eggs, 9.6 oz",9.6 oz,4.97,2026-03-25
M&M'S,"Bunny Milk Chocolate Cane, 3 oz",3 oz,3.0,2026-03-25
MARS,"Easter Variety Pack Minis Chocolate, 30 count",8.59 oz,5.97,2026-03-25
MARS,"Easter Variety Pack Minis, 55 count",21.32 oz,9.94,2026-03-25
SOUR PATCH KIDS,"Treat Size Sour Bunnies Candies, 7.93 oz",7.93 oz,3.39,2026-03-25
RUSSELL STOVER,6 Pack Marshmallow Eggs,7.8 oz,5.44,2026-03-25
CHOCEUR,"Bunny Shaped Milk Chocolate, 5.29 oz",5.29 oz,3.29,2026-03-25
CHOCEUR,"Bunny Shaped Dark Chocolate, 5.29 oz",5.29 oz,3.29,2026-03-25
CHOCEUR,"Bunny Shaped White Chocolate, 5.29 oz",5.29 oz,3.29,2026-03-25
CHOCEUR,"Easter Bunny Character Mini Chocolates, 4.41 oz",4.41 oz,2.99,2026-03-25
CHOCEUR,"Easter Lamb Character Mini Chocolates, 4.41 oz",4.41 oz,2.99,2026-03-25
CHOCEUR,"Easter Chick Character Mini Chocolates, 4.41 oz",4.41 oz,2.99,2026-03-25
CHOCEUR,"Easter Mixed Bag Milk Chocolates, 8.82 oz",8.82 oz,3.99,2026-03-25
CHOCEUR,"Solid Chocolate Eggs, 7.05 oz",7.05 oz,3.29,2026-03-25
MOSER ROTH,"Easter Finest Hazelnut Creme Filled Eggs, 5.3 oz",5.3 oz,3.29,2026-03-25
CHOCEUR,"Easter White Chocolate Cream Filled Mini Chocolate Bunnies, 5.2 oz",5.29 oz,3.69,2026-03-25
MOSER ROTH,"Chocolate Truffle Eggs, 3.52 oz",3.52 oz,3.99,2026-03-25
